workload,category,variant,declarations,uses,unique_names,modeled_peak_bytes,modeled_final_bytes,measured_peak_heap_bytes,measured_final_heap_bytes,cold_lookup_p50_us,cold_lookup_p95_us,cold_lookup_p99_us,cold_lookup_mean_us,hot_lookup_p50_us,hot_lookup_p95_us,hot_lookup_p99_us,hot_lookup_mean_us,insert_p50_us,insert_mean_us,scope_exit_us,promotions,demotions,reconstruction_count,reconstruction_steps_total,mean_reconstruction_depth,count_inline,count_interned,count_compressed,memory_delta_vs_full_v2_pct,cold_latency_delta_vs_full_v2_pct
medium,B,Conventional,2000,2000,2000,3944,0,163744,159024,0.561,2.74,5.076,0.868162,0.561,2.74,0,0,1.664,2.33855,16.583,0,0,0,0,0,0,0,0,-41.9222,18.8559
medium,B,Interned,2000,2000,2000,3744,0,389056,386184,0.457,0.524,0.74,0.473462,0.457,0.524,0,0,1.742,2.15948,12.559,0,0,0,0,0,0,0,0,41.0398,-3.17797
medium,B,BudgetSymV1,2000,2000,2000,3040,0,560884,554564,2.337,4.703,9.225,2.82665,2.337,4.703,0,0,5.215,6.17861,24.591,0,0,0,0,0,0,0,0,102.535,395.127
medium,B,FullV2,2000,2000,2000,93939,88844,278047,273812,0.472,3.405,5.362,1.23391,0.472,3.405,0,0,2.359,2.5971,17.076,0,0,1658,5406,3.26055,2000,0,0,0,0
medium,B,V2-NoBlockCompression,2000,2000,2000,94662,88844,415464,402639,0.469,0.87,0.984,0.507497,0.469,0.87,0,0,2.27,2.57429,10.314,0,0,0,0,0,2000,0,0,47.0494,-0.635593
medium,B,V2-NoFingerprints,2000,2000,2000,93939,88844,278047,273843,0.517,3.348,5.354,1.21952,0.517,3.348,0,0,2.362,2.48957,18.406,0,0,1658,5406,3.26055,2000,0,0,0.0113216,9.5339
medium,B,V2-NoHotColdPromotion,2000,2000,2000,93939,88844,278047,273843,0.466,3.347,4.956,1.18095,0.466,3.347,0,0,2.334,2.52047,30.051,0,0,1658,5406,3.26055,2000,0,0,0.0113216,-1.27119
medium,B,V2-NoAdaptiveRepresentation,2000,2000,2000,160343,154361,451871,447771,0.509,3.502,5.899,1.29348,0.509,3.502,0,0,2.672,3.70502,16.784,0,0,1658,5406,3.26055,2000,0,0,63.5323,7.83898
medium,B,V2-NoScopeReclamation,2000,2000,2000,215554,213506,442012,439317,0.465,3.463,5.747,1.26772,0.465,3.463,0,0,2.342,2.67774,0.977,0,0,1658,5788,3.49095,2000,0,0,60.4448,-1.48305
high-prefix-similarity,B,Conventional,2000,2000,2000,4800,0,209748,203857,0.384,1.042,2.122,0.511945,0.384,1.042,0,0,1.787,2.45829,16.237,0,0,0,0,0,0,0,0,-46.2486,-90.1184
high-prefix-similarity,B,Interned,2000,2000,2000,4600,0,523462,520621,0.449,0.502,0.567,0.459363,0.449,0.502,0,0,1.891,2.42697,15.7,0,0,0,0,0,0,0,0,37.2732,-88.4457
high-prefix-similarity,B,BudgetSymV1,2000,2000,2000,8000,3396,1087503,1080012,3.342,6.518,10.054,3.99055,3.342,6.518,0,0,4.705,6.0972,24.437,1897,0,0,0,0,0,0,0,184.769,-13.999
high-prefix-similarity,B,FullV2,2000,2000,2000,189186,184346,384795,379259,3.886,9.496,13.358,4.55319,3.886,9.496,0,0,5.277,5.92347,35.73,0,0,4000,13520,3.38,2000,0,0,0,0
high-prefix-similarity,B,V2-NoBlockCompression,2000,2000,2000,191844,184346,698208,695966,0.519,0.94,1.065,0.56851,0.519,0.94,0,0,2.957,4.19575,12.528,0,0,0,0,0,2000,0,0,83.5068,-86.6444
high-prefix-similarity,B,V2-NoFingerprints,2000,2000,2000,189186,184346,384795,379290,3.855,8.894,13.62,4.30019,3.855,8.894,0,0,5.126,5.68612,16.503,0,0,4096,13760,3.35938,2000,0,0,0.00817383,-0.797735
high-prefix-similarity,B,V2-NoHotColdPromotion,2000,2000,2000,189186,184346,384795,379290,3.891,9.545,13.848,4.48355,3.891,9.545,0,0,5.289,6.12933,23.624,0,0,4000,13520,3.38,2000,0,0,0.00817383,0.128667
high-prefix-similarity,B,V2-NoAdaptiveRepresentation,2000,2000,2000,189186,184346,384795,379290,3.816,9.194,12.482,4.33203,3.816,9.194,0,0,5.157,5.99858,18.259,0,0,4000,13520,3.38,2000,0,0,0.00817383,-1.80134
high-prefix-similarity,B,V2-NoScopeReclamation,2000,2000,2000,297064,295016,590842,588346,3.705,7.685,9.882,4.00041,3.705,7.685,0,0,5.034,5.54376,2.522,0,0,4000,14000,3.5,2000,0,0,55.1304,-4.65775
hot-cold-access,B,Conventional,2000,2600,2000,5050,0,183546,178931,0.351,0.757,1.232,0.39821,0.351,0.757,0,0,1.133,1.82985,18.158,0,0,0,0,0,0,0,0,-47.2426,-41.6944
hot-cold-access,B,Interned,2000,2600,2000,4850,0,416009,413137,0.472,0.56,0.755,0.481448,0.472,0.56,0,0,1.916,2.39072,14.006,0,0,0,0,0,0,0,0,21.8125,-21.5947
hot-cold-access,B,BudgetSymV1,2000,2600,2000,4854,0,587592,581356,2.322,4.774,7.957,2.59884,2.322,4.774,0,0,5.442,6.0549,43.481,233,0,0,0,0,0,0,0,71.4116,285.714
hot-cold-access,B,FullV2,2000,2600,2000,106006,100941,343006,339158,0.602,3.798,11.628,1.56244,0.602,3.798,0,0,2.537,3.00503,35.219,200,0,2058,4710,2.28863,2000,0,0,0,0
hot-cold-access,B,V2-NoBlockCompression,2000,2600,2000,106486,100941,467788,464835,0.49,0.962,1.07,0.55189,0.49,0.962,0,0,2.396,2.80656,10.579,0,0,0,0,0,2000,0,0,37.0556,-18.6047
hot-cold-access,B,V2-NoFingerprints,2000,2600,2000,106006,100941,343006,339189,0.602,3.296,6.122,1.28638,0.602,3.296,0,0,2.388,2.63026,19.761,200,0,2058,4710,2.28863,2000,0,0,0.00914028,0
hot-cold-access,B,V2-NoHotColdPromotion,2000,2600,2000,106006,100941,317270,313453,1.577,8.529,12.775,2.54024,1.577,8.529,0,0,2.726,3.64481,15.849,0,0,3058,10118,3.3087,2000,0,0,-7.57906,161.96
hot-cold-access,B,V2-NoAdaptiveRepresentation,2000,2600,2000,165364,159181,494782,491381,0.526,3.277,5.64,1.27338,0.526,3.277,0,0,2.664,3.43944,17.252,200,0,2058,4710,2.28863,2000,0,0,44.8826,-12.6246
hot-cold-access,B,V2-NoScopeReclamation,2000,2600,2000,239135,237087,499770,496761,0.889,5.345,6.977,1.59215,0.889,5.345,0,0,2.641,3.17085,1.098,200,0,2058,5096,2.47619,2000,0,0,46.4689,47.6744
nested-scopes,B,Conventional,2000,2000,2000,4030,0,166605,161808,0.37,0.794,1.168,0.435966,0.37,0.794,0,0,1.256,1.88305,18.616,0,0,0,0,0,0,0,0,-56.1809,-77.0614
nested-scopes,B,Interned,2000,2000,2000,3830,0,397408,394536,0.492,0.899,1.014,0.604176,0.492,0.899,0,0,2.028,2.70639,14.043,0,0,0,0,0,0,0,0,6.84388,-69.4978
nested-scopes,B,BudgetSymV1,2000,2000,2000,7615,3775,879794,873384,2.575,4.138,6.104,2.75418,2.575,4.138,0,0,4.21,5.00298,37.681,1901,0,0,0,0,0,0,0,136.52,59.6404
nested-scopes,B,FullV2,2000,2000,2000,160070,154424,373214,369264,1.613,4.006,6.469,1.8551,1.613,4.006,0,0,3.306,4.13739,18.004,0,0,2728,9082,3.32918,2000,0,0,0,0
nested-scopes,B,V2-NoBlockCompression,2000,2000,2000,161255,154424,522976,520583,0.507,0.995,1.104,0.624934,0.507,0.995,0,0,2.924,4.00476,9.45,0,0,0,0,0,2000,0,0,40.9785,-68.5679
nested-scopes,B,V2-NoFingerprints,2000,2000,2000,160070,154424,373214,369295,1.61,3.627,5.551,1.77413,1.61,3.627,0,0,3.147,3.72416,19.127,0,0,2728,9082,3.32918,2000,0,0,0.00839508,-0.185989
nested-scopes,B,V2-NoHotColdPromotion,2000,2000,2000,160070,154424,373214,369295,1.837,5.687,8.009,2.24183,1.837,5.687,0,0,4.05,4.81063,21.605,0,0,2728,9082,3.32918,2000,0,0,0.00839508,13.8872
nested-scopes,B,V2-NoAdaptiveRepresentation,2000,2000,2000,165390,159744,380494,376575,1.546,3.538,5.503,1.68909,1.546,3.538,0,0,3.086,3.75097,30.823,0,0,2728,9082,3.32918,2000,0,0,1.97988,-4.15375
nested-scopes,B,V2-NoScopeReclamation,2000,2000,2000,294728,292680,551206,548629,1.7,4.484,6.241,1.95787,1.7,4.484,0,0,3.469,4.35615,1.337,0,0,2728,9532,3.49413,2000,0,0,48.5736,5.39368
random-long,C,Conventional,2000,2000,2000,4814,0,215670,209599,0.365,0.778,1.211,0.430425,0.365,0.778,0,0,1.398,1.90196,28.285,0,0,0,0,0,0,0,0,-46.3631,-87.8858
random-long,C,Interned,2000,2000,2000,4614,0,540781,537909,0.499,0.938,1.045,0.614486,0.499,0.938,0,0,2.204,3.07433,16.939,0,0,0,0,0,0,0,0,37.6522,-83.4384
random-long,C,BudgetSymV1,2000,2000,2000,4614,0,888528,880857,2.569,6.501,13.553,3.91323,2.569,6.501,0,0,4.527,6.79149,23.841,0,0,0,0,0,0,0,0,125.413,-14.7361
random-long,C,FullV2,2000,2000,2000,196266,190119,397722,390774,3.013,7.112,9.81,3.32318,3.013,7.112,0,0,4.54,5.33192,17.688,0,0,4000,13520,3.38,2000,0,0,0,0
random-long,C,V2-NoBlockCompression,2000,2000,2000,197766,190119,721300,719027,0.554,0.639,0.872,0.567208,0.554,0.639,0,0,3.076,3.98541,9.377,0,0,0,0,0,2000,0,0,84.0007,-81.613
random-long,C,V2-NoFingerprints,2000,2000,2000,196266,190119,397722,390805,3.523,7.376,12.553,3.99679,3.523,7.376,0,0,5.244,6.34157,16.219,0,0,4000,13520,3.38,2000,0,0,0.00793297,16.9267
random-long,C,V2-NoHotColdPromotion,2000,2000,2000,196266,190119,397722,390805,2.979,6.676,8.301,3.23342,2.979,6.676,0,0,4.515,5.26472,17.348,0,0,4000,13520,3.38,2000,0,0,0.00793297,-1.12844
random-long,C,V2-NoAdaptiveRepresentation,2000,2000,2000,196266,190119,397722,390805,3.184,7.351,10.326,3.64859,3.184,7.351,0,0,4.819,5.7183,18.255,0,0,4000,13520,3.38,2000,0,0,0.00793297,5.67541
random-long,C,V2-NoScopeReclamation,2000,2000,2000,354006,351958,656900,654497,3.11,6.573,11.181,3.46277,3.11,6.573,0,0,4.79,5.83207,2.171,0,0,4000,14000,3.5,2000,0,0,67.4873,3.21938
high-churn,C,Conventional,2000,2000,2000,362,0,148240,147736,0.301,0.543,0.751,0.348426,0.301,0.543,0,0,1.234,1.46944,23.646,0,0,0,0,0,0,0,0,-0.527875,-22.0207
high-churn,C,Interned,2000,2000,2000,342,0,352664,352320,0.475,0.609,0.779,0.768914,0.475,0.609,0,0,1.774,2.17532,14.063,0,0,0,0,0,0,0,0,137.221,23.057
high-churn,C,BudgetSymV1,2000,2000,2000,182,0,429043,428358,2.002,4.316,7.277,2.67461,2.002,4.316,0,0,3.899,5.38764,69.479,0,0,0,0,0,0,0,0,188.418,418.653
high-churn,C,FullV2,2000,2000,2000,752,256,148824,148520,0.386,0.445,0.681,0.398967,0.386,0.445,0,0,0.893,0.878939,21.349,0,0,0,0,0,2000,0,0,0,0
high-churn,C,V2-NoBlockCompression,2000,2000,2000,752,256,148824,148551,0.369,0.435,0.718,0.386303,0.369,0.435,0,0,0.853,0.831774,10.858,0,0,0,0,0,2000,0,0,0.0208726,-4.40415
high-churn,C,V2-NoFingerprints,2000,2000,2000,752,256,148824,148551,0.398,0.81,0.942,0.525903,0.398,0.81,0,0,0.879,1.10162,30.926,0,0,0,0,0,2000,0,0,0.0208726,3.10881
high-churn,C,V2-NoHotColdPromotion,2000,2000,2000,752,256,148824,148551,0.382,0.503,0.705,0.396388,0.382,0.503,0,0,0.866,0.898915,21.128,0,0,0,0,0,2000,0,0,0.0208726,-1.03627
high-churn,C,V2-NoAdaptiveRepresentation,2000,2000,2000,142117,141429,468264,467991,0.464,0.906,0.966,0.578509,0.464,0.906,0,0,2.703,3.63519,22.4,0,0,0,0,0,2000,0,0,215.103,20.2073
high-churn,C,V2-NoScopeReclamation,2000,2000,2000,96512,96256,271192,270919,0.389,0.778,1.009,0.497251,0.389,0.778,0,0,0.917,1.27222,2.353,0,0,0,0,0,2000,0,0,82.4125,0.777202
memory-stress,C,Conventional,2000,2000,2000,4464,0,197976,192405,0.38,0.76,1.2,0.424289,0.38,0.76,0,0,1.25,1.88046,21.202,0,0,0,0,0,0,0,0,-46.0122,-86.5961
memory-stress,C,Interned,2000,2000,2000,4264,0,489199,486327,0.486,0.545,0.614,0.505752,0.486,0.545,0,0,2.043,2.41622,13.417,0,0,0,0,0,0,0,0,36.4607,-82.8571
memory-stress,C,BudgetSymV1,2000,2000,2000,4207,0,804558,797387,2.436,4.686,7.574,2.89057,2.436,4.686,0,0,4.134,5.28881,23.686,2,0,0,0,0,0,0,0,123.743,-14.0741
memory-stress,C,FullV2,2000,2000,2000,180795,175133,362877,356386,2.835,6.555,9.229,3.09841,2.835,6.555,0,0,4.32,5.14457,17.921,0,0,4000,13520,3.38,2000,0,0,0,0
memory-stress,C,V2-NoBlockCompression,2000,2000,2000,182296,175133,652524,650251,0.525,0.596,0.643,0.531721,0.525,0.596,0,0,2.944,3.70006,9.316,0,0,0,0,0,2000,0,0,82.4569,-81.4815
memory-stress,C,V2-NoFingerprints,2000,2000,2000,180795,175133,362877,356417,2.847,6.271,7.913,3.05869,2.847,6.271,0,0,4.308,4.96634,15.78,0,0,4002,13530,3.38081,2000,0,0,0.00869843,0.42328
memory-stress,C,V2-NoHotColdPromotion,2000,2000,2000,180795,175133,362877,356417,2.872,6.514,8.55,3.14268,2.872,6.514,0,0,4.346,5.05384,17.294,0,0,4000,13520,3.38,2000,0,0,0.00869843,1.30511
memory-stress,C,V2-NoAdaptiveRepresentation,2000,2000,2000,180795,175133,362877,356417,2.583,4.558,6.91,2.757,2.583,4.558,0,0,3.978,4.45888,15.988,0,0,4000,13520,3.38,2000,0,0,0.00869843,-8.88889
memory-stress,C,V2-NoScopeReclamation,2000,2000,2000,324018,321970,606363,603906,2.889,6.148,8.638,3.10902,2.889,6.148,0,0,4.397,5.08761,0.654,0,0,4000,14000,3.5,2000,0,0,69.4528,1.90476
FreeRTOS,A,Conventional,8506,12033,2641,217305,215065,824543,759007,0.747,1.988,2.831,0.90296,0.747,1.988,0,0,1.155,1.39665,27.818,0,0,0,0,0,0,0,0,-45.3618,51.2146
FreeRTOS,A,Interned,8506,12033,2641,192276,191387,1135825,1070289,0.712,1.4,1.951,0.803174,0.712,1.4,0,0,1.692,2.07018,13.924,0,0,0,0,0,0,0,0,-22.9537,44.1296
FreeRTOS,A,BudgetSymV1,8506,12033,2641,185687,185621,3215743,2626357,0.679,3.73,6.546,1.24077,0.679,3.73,0,0,3.829,4.61125,34.845,257,0,0,0,0,0,0,0,89.0622,37.4494
FreeRTOS,A,FullV2,8506,12033,2641,519494,519190,1442770,1389150,0.494,3.385,6.405,0.827025,0.494,3.385,0,0,1.998,2.82369,30.364,445,0,1972,6412,3.25152,655,1539,447,0,0
FreeRTOS,A,V2-NoBlockCompression,8506,12033,2641,503389,501331,1458228,1400915,0.484,0.829,1.091,0.529493,0.484,0.829,0,0,1.77,2.30203,8.974,0,0,0,0,0,655,1986,0,0.846921,-2.02429
FreeRTOS,A,V2-NoFingerprints,8506,12033,2641,519494,519190,1442770,1389181,0.569,3.679,7.867,0.970368,0.569,3.679,0,0,2.25,3.09645,18.083,445,0,1972,6412,3.25152,655,1539,447,0.00223158,15.1822
FreeRTOS,A,V2-NoHotColdPromotion,8506,12033,2641,506237,505933,1418059,1361068,0.488,3.685,5.695,0.97825,0.488,3.685,0,0,1.919,2.68779,18.406,0,0,5418,16709,3.08398,655,1287,699,-2.02152,-1.21457
FreeRTOS,A,V2-NoAdaptiveRepresentation,8506,12033,2641,554108,553766,1576922,1523333,0.473,3.071,5.59,0.781033,0.473,3.071,0,0,2.038,2.87052,15.882,445,0,1972,6412,3.25152,474,1720,447,9.65936,-4.25101
FreeRTOS,A,V2-NoScopeReclamation,8506,12033,2641,743601,743345,1707406,1653827,0.452,3.232,5.999,0.775972,0.452,3.232,0,0,1.829,2.60724,1.177,445,0,1972,6652,3.37323,655,1539,447,19.0532,-8.50202
Arduino,A,Conventional,9399,11804,4046,176640,175985,762988,734532,0.559,1.64,2.34,0.709052,0.559,1.64,0,0,1.023,1.26821,16.584,0,0,0,0,0,0,0,0,-34.8181,30.9133
Arduino,A,Interned,9399,11804,4046,167464,166853,1113677,1103848,0.537,0.962,1.267,0.595069,0.537,0.962,0,0,1.495,1.72613,13.8,0,0,0,0,0,0,0,0,-2.04526,25.7611
Arduino,A,BudgetSymV1,9399,11804,4046,128924,128858,3043279,2517981,0.63,3.335,5.244,1.18135,0.63,3.335,0,0,3.4,4.29671,35.39,213,0,0,0,0,0,0,0,123.444,47.541
Arduino,A,FullV2,9399,11804,4046,355377,355377,1147314,1126896,0.427,1.199,5.556,0.673208,0.427,1.199,0,0,0.953,2.06011,17.008,210,0,989,3307,3.34378,3048,532,466,0,0
Arduino,A,V2-NoBlockCompression,9399,11804,4046,365711,365711,1217592,1198271,0.449,0.89,1.225,0.511485,0.449,0.89,0,0,1.024,1.81054,16.773,0,0,0,0,0,3048,998,0,6.33377,5.15222
Arduino,A,V2-NoFingerprints,9399,11804,4046,355377,355377,1147314,1126927,0.526,1.563,5.88,0.769614,0.526,1.563,0,0,1.122,2.17425,18.087,210,0,989,3307,3.34378,3048,532,466,0.00275092,23.185
Arduino,A,V2-NoHotColdPromotion,9399,11804,4046,349246,349246,1138396,1117385,0.521,3.891,8.258,1.01587,0.521,3.891,0,0,1.238,2.49097,31.375,0,0,2700,9460,3.5037,3048,372,626,-0.844,22.0141
Arduino,A,V2-NoAdaptiveRepresentation,9399,11804,4046,577771,577771,1537247,1537247,0.607,1.77,6.544,0.966424,0.607,1.77,0,0,3.043,3.93744,57.855,210,0,989,3307,3.34378,1763,1817,466,36.4143,42.1546
Arduino,A,V2-NoScopeReclamation,9399,11804,4046,642322,642322,1412862,1393179,0.549,2.472,7.865,0.925845,0.549,2.472,0,0,1.57,2.93784,2.049,210,0,989,3420,3.45804,3048,532,466,23.6298,28.5714
Zephyr,A,Conventional,7749,13442,2876,130638,127511,587788,584116,0.767,1.938,2.787,0.922176,0.767,1.938,0,0,1.525,2.00522,28.067,0,0,0,0,0,0,0,0,-42.6776,61.4737
Zephyr,A,Interned,7749,13442,2876,123997,120974,943835,942555,0.721,1.37,1.78,0.806215,0.721,1.37,0,0,2.065,2.66611,15.993,0,0,0,0,0,0,0,0,-7.50205,51.7895
Zephyr,A,BudgetSymV1,7749,13442,2876,122241,120867,1845517,1844728,0.75,4.215,7.28,1.46257,0.75,4.215,0,0,4.116,5.29492,41.952,616,0,0,0,0,0,0,0,81.033,57.8947
Zephyr,A,FullV2,7749,13442,2876,363932,360178,1036215,1019001,0.475,3.948,7.53,0.916534,0.475,3.948,0,0,1.728,2.842,30.845,420,0,2447,8224,3.36085,1631,554,691,0,0
Zephyr,A,V2-NoBlockCompression,7749,13442,2876,373687,368525,1142591,1125387,0.47,0.862,1.268,0.525921,0.47,0.862,0,0,1.622,2.30635,13.935,0,0,0,0,0,1631,1245,0,10.4402,-1.05263
Zephyr,A,V2-NoFingerprints,7749,13442,2876,363932,360178,1036215,1019032,0.617,4.758,9.774,1.21111,0.617,4.758,0,0,1.947,3.14866,27.762,420,0,2447,8224,3.36085,1631,554,691,0.0030422,29.8947
Zephyr,A,V2-NoHotColdPromotion,7749,13442,2876,341946,338078,944228,942600,0.49,4.279,8.404,1.11624,0.49,4.279,0,0,1.85,2.8361,42.435,0,0,4675,14965,3.20107,1631,164,1081,-7.49764,3.15789
Zephyr,A,V2-NoAdaptiveRepresentation,7749,13442,2876,422541,419076,1121952,1120848,0.512,3.85,7.536,0.94887,0.512,3.85,0,0,2.443,3.38782,17.905,420,0,2447,8224,3.36085,1378,807,691,9.99479,7.78947
Zephyr,A,V2-NoScopeReclamation,7749,13442,2876,671703,671703,1412388,1396235,0.456,3.91,7.601,0.922214,0.456,3.91,0,0,1.796,2.85179,2.434,420,0,2447,8420,3.44095,1631,554,691,37.02,-4
