dataset,algorithm,symbols,memory_bytes,memory_per_symbol,compression_ratio,slack_bytes,insert_us,lookup_success_us,lookup_failure_us
small,BudgetSym-FNV1a,100,4025,40.25,1.81491,0,0.59492,0.21126,0.04649
small,BudgetSym-Murmur3,100,4025,40.25,1.81491,0,0.39824,0.16068,0.0377
small,BudgetSym-DJB2,100,4025,40.25,1.81491,0,0.35778,0.14451,0.03826
small,RobinHood,100,7305,73.05,1,12480,0.22922,0.02721,0.02729
small,Trie,100,50832,508.32,0.143709,0,0.46576,0.12202,0.00706
medium,BudgetSym-FNV1a,2000,83246,41.623,1.80033,0,0.236678,0.134884,0.060662
medium,BudgetSym-Murmur3,2000,83246,41.623,1.80033,0,0.287974,0.152676,0.052996
medium,BudgetSym-DJB2,2000,83246,41.623,1.80033,0,0.262005,0.137124,0.052914
medium,RobinHood,2000,149870,74.935,1,167680,0.182729,0.0255,0.031626
medium,Trie,2000,514896,257.448,0.291068,0,1.402,0.275398,0.011748
large,BudgetSym-FNV1a,20000,829960,41.498,1.8069,0,0.311789,0.163292,0.074928
large,BudgetSym-Murmur3,20000,829960,41.498,1.8069,0,0.297161,0.16849,0.06948
large,BudgetSym-DJB2,20000,829960,41.498,1.8069,0,0.295767,0.160938,0.07075
large,RobinHood,20000,1499656,74.9828,1,1021440,0.160042,0.035126,0.04093
large,Trie,20000,4608576,230.429,0.325406,0,1.4846,0.544758,0.015352
high-prefix-similarity,BudgetSym-FNV1a,2000,71084,35.542,2.58975,0,0.35981,0.18647,0.061512
high-prefix-similarity,BudgetSym-Murmur3,2000,71084,35.542,2.58975,0,0.342234,0.174106,0.05584
high-prefix-similarity,BudgetSym-DJB2,2000,71084,35.542,2.58975,0,0.334858,0.15267,0.0525
high-prefix-similarity,RobinHood,2000,184090,92.045,1,167680,0.132845,0.034406,0.03506
high-prefix-similarity,Trie,2000,157632,78.816,1.16785,0,0.486244,0.455088,0.005624
random-identifiers,BudgetSym-FNV1a,2000,112522,56.261,1.39843,0,0.254902,0.152474,0.06142
random-identifiers,BudgetSym-Murmur3,2000,112522,56.261,1.39843,0,0.254764,0.163926,0.052758
random-identifiers,BudgetSym-DJB2,2000,112522,56.261,1.39843,0,0.247705,0.147624,0.053294
random-identifiers,RobinHood,2000,157354,78.677,1,167680,0.150244,0.031002,0.03605
random-identifiers,Trie,2000,695040,347.52,0.226396,0,0.744138,0.482838,0.010114
nested-scopes,BudgetSym-FNV1a,1000,39039,39.039,2.04326,0,0.340324,0.16761,0.0563
nested-scopes,BudgetSym-Murmur3,1000,39039,39.039,2.04326,0,0.3285,0.158306,0.053912
nested-scopes,BudgetSym-DJB2,1000,39039,39.039,2.04326,0,0.323668,0.156598,0.053522
nested-scopes,RobinHood,1000,79767,79.767,1,83840,0.141762,0.02883,0.030482
nested-scopes,Trie,1000,231840,231.84,0.344061,0,0.432474,0.224422,0.002882
hot-cold-access,BudgetSym-FNV1a,1500,70338,46.892,1.69241,0,0.269969,0.143666,0.054172
hot-cold-access,BudgetSym-Murmur3,1500,70263,46.842,1.69422,0,0.366672,0.197248,0.066648
hot-cold-access,BudgetSym-DJB2,1500,70299,46.866,1.69335,0,0.330415,0.127064,0.04849
hot-cold-access,RobinHood,1500,119041,79.3607,1,207680,0.175279,0.025194,0.026366
hot-cold-access,Trie,1500,438048,292.032,0.271753,0,0.575167,0.259168,0.012444
memory-stress,BudgetSym-FNV1a,1500,86908,57.9387,1.50649,0,0.389385,0.181054,0.055182
memory-stress,BudgetSym-Murmur3,1500,86908,57.9387,1.50649,0,0.429182,0.177638,0.05387
memory-stress,BudgetSym-DJB2,1500,86869,57.9127,1.50717,0,0.418491,0.152494,0.048468
memory-stress,RobinHood,1500,130926,87.284,1,207680,0.164339,0.029668,0.026602
memory-stress,Trie,1500,840696,560.464,0.155735,0,1.10681,0.62043,0.012352
