implementation,dataset,tracked_memory,lookup_latency_us,insert_latency_us,cache_hit_rate,promotions,bytes_reclaimed,memo_hits,memo_cold_lookups,compression_ratio
Conventional,small,7305,0.01225,0.12337,-1,0,14365,-1,-1,1
Interned,small,6905,0.0144828,0.18177,-1,0,13565,-1,-1,1.05793
BudgetSym,small,4025,0.0196219,0.35777,0,0,7165,0,0,1.81491
BudgetSym-WithCache,small,4025,0.0240469,0.29556,0.95,0,7165,0,0,1.81491
Conventional,medium,149870,0.0128438,0.071169,-1,0,14365,-1,-1,1
Interned,medium,141870,0.0154719,0.116238,-1,0,13565,-1,-1,1.05639
BudgetSym,medium,83246,0.0224563,0.200424,0,0,7165,0,0,1.80033
BudgetSym-WithCache,medium,83246,0.0236766,0.190002,0.95,0,7165,0,0,1.80033
Conventional,large,1499656,0.0156031,0.0708295,-1,0,14365,-1,-1,1
Interned,large,1419656,0.0221578,0.13973,-1,0,13565,-1,-1,1.05635
BudgetSym,large,829960,0.0341578,0.382249,0,0,7165,0,0,1.8069
BudgetSym-WithCache,large,829960,0.0492531,0.397351,0.95,0,7165,0,0,1.8069
Conventional,high-prefix-similarity,184090,0.0217781,0.126969,-1,0,14365,-1,-1,1
Interned,high-prefix-similarity,176090,0.0278172,0.188679,-1,0,13565,-1,-1,1.04543
BudgetSym,high-prefix-similarity,72694,0.0767797,0.452809,0,31,7165,47,15,2.5324
BudgetSym-WithCache,high-prefix-similarity,72694,0.0590594,0.401793,0.95,31,7165,16,15,2.5324
Conventional,random-identifiers,157354,0.0162109,0.095125,-1,0,14365,-1,-1,1
Interned,random-identifiers,149354,0.017525,0.143654,-1,0,13565,-1,-1,1.05356
BudgetSym,random-identifiers,112522,0.0355297,0.25,0,0,7165,0,0,1.39843
BudgetSym-WithCache,random-identifiers,112522,0.0299656,0.220003,0.95,0,7165,0,0,1.39843
Conventional,nested-scopes,79767,0.0135156,0.079128,-1,0,14365,-1,-1,1
Interned,nested-scopes,75767,0.0167906,0.122282,-1,0,13565,-1,-1,1.05279
BudgetSym,nested-scopes,40185,0.0389344,0.304509,0,31,7165,55,7,1.98499
BudgetSym-WithCache,nested-scopes,40185,0.0360234,0.284869,0.95,31,7165,24,7,1.98499
Conventional,hot-cold-access,119041,0.0138312,0.0778313,-1,0,14365,-1,-1,1
Interned,hot-cold-access,113041,0.0168172,0.121399,-1,0,13565,-1,-1,1.05308
BudgetSym,hot-cold-access,69166,0.0612313,0.253313,0,31,7095,59,3,1.72109
BudgetSym-WithCache,hot-cold-access,69166,0.0487484,0.228838,0.95,31,7095,28,3,1.72109
Conventional,memory-stress,130926,0.0131719,0.087284,-1,0,14365,-1,-1,1
Interned,memory-stress,124926,0.0151859,0.134981,-1,0,13565,-1,-1,1.04803
BudgetSym,memory-stress,82544,0.0404953,0.340217,0,4,6079,8,0,1.58614
BudgetSym-WithCache,memory-stress,82544,0.0471719,0.32469,0.95,4,6079,4,0,1.58614
Conventional,ml-predicted,184090,0.0138734,0.0704425,-1,0,14365,-1,-1,1
BudgetSym-MLPredicted,ml-predicted,72694,0.0404969,0.298685,0.95,31,7165,16,15,2.5324
