dataset,implementation,symbols,memory_bytes,memory_per_symbol,compression_ratio,insert_us,lookup_success_us,lookup_failure_us,scope_enter_us,scope_exit_us
small,Conventional,100,7305,73.05,1,0.18326,0.03632,0.02792,0.061845,5.093
small,Interned,100,6905,69.05,1.05793,0.20534,0.04035,0.02574,0.03956,2.401
small,BudgetSym,100,4025,40.25,1.81491,0.54127,0.20078,0.04185,0.037095,5.524
medium,Conventional,2000,149870,74.935,1,0.0845135,0.03582,0.029188,0.06569,4.724
medium,Interned,2000,141870,70.935,1.05639,0.170397,0.037988,0.028028,0.037045,2.047
medium,BudgetSym,2000,83246,41.623,1.80033,0.267918,0.14892,0.06503,0.05097,5.039
large,Conventional,20000,1499656,74.9828,1,0.0930197,0.056222,0.048248,0.0461,5.244
large,Interned,20000,1419656,70.9828,1.05635,0.256189,0.076174,0.060054,0.064715,2.871
large,BudgetSym,20000,829960,41.498,1.8069,0.408689,0.48993,0.223606,0.11723,13.175
high-prefix-similarity,Conventional,2000,184090,92.045,1,0.182141,0.060724,0.05824,0.024305,10.587
high-prefix-similarity,Interned,2000,176090,88.045,1.04543,0.279373,0.030868,0.031284,0.01286,3.892
high-prefix-similarity,BudgetSym,2000,71084,35.542,2.58975,0.369626,0.17407,0.0563,0.0105,4.814
random-identifiers,Conventional,2000,157354,78.677,1,0.226587,0.068632,0.063436,0.015035,6.746
random-identifiers,Interned,2000,149354,74.677,1.05356,0.271593,0.076722,0.057776,0.01526,4.012
random-identifiers,BudgetSym,2000,112522,56.261,1.39843,0.785102,0.266998,0.077162,0.01422,6.023
nested-scopes,Conventional,1000,79767,79.767,1,0.10658,0.038618,0.026078,0.011695,4.316
nested-scopes,Interned,1000,75767,75.767,1.05279,0.122158,0.03142,0.025664,0.009485,1.929
nested-scopes,BudgetSym,1000,39039,39.039,2.04326,0.304802,0.169334,0.06046,0.01268,5.045
hot-cold-access,Conventional,1500,119041,79.3607,1,0.0810807,0.031344,0.028644,0.0113,5.668
hot-cold-access,Interned,1500,113041,75.3607,1.05308,0.14219,0.030816,0.022492,0.00965,1.928
hot-cold-access,BudgetSym,1500,70338,46.892,1.69241,0.256269,0.15201,0.053384,0.011205,5.017
memory-stress,Conventional,1500,130926,87.284,1,0.087704,0.030792,0.022936,0.00975,4.407
memory-stress,Interned,1500,124926,83.284,1.04803,0.150372,0.03298,0.022676,0.00986,1.99
memory-stress,BudgetSym,1500,86908,57.9387,1.50649,0.447859,0.166754,0.058344,0.010755,6.952
