dataset,block_size,anchor_interval,declarations,unique_names,modeled_memory_bytes,reconstruction_count,reconstruction_steps_total,mean_reconstruction_depth,cold_lookup_p50_us,cold_lookup_p95_us,cold_lookup_p99_us,cold_lookup_mean_us,hot_lookup_p50_us,hot_lookup_p95_us,hot_lookup_p99_us,hot_lookup_mean_us,insert_us_mean
high-prefix-similarity,4,2,4000,4000,630995,8000,4000,0.5,0.11,0.149,0.167,0.115769,0.107,0.142,0.16,0.109146,0.250885
high-prefix-similarity,4,4,4000,4000,604629,8000,12000,1.5,0.127,0.192,0.223,0.133406,0.127,0.189,0.212,0.132131,0.239423
high-prefix-similarity,8,2,4000,4000,630995,8000,4000,0.5,0.116,0.161,0.181,0.121376,0.245,0.328,0.354,0.250268,0.215038
high-prefix-similarity,8,4,4000,4000,604629,8000,12000,1.5,0.258,0.374,0.421,0.268812,0.253,0.377,0.425,0.266118,0.637319
high-prefix-similarity,8,8,4000,4000,591446,8000,28000,3.5,0.399,0.604,0.659,0.398005,0.397,0.6,0.643,0.391169,0.58929
high-prefix-similarity,16,2,4000,4000,630995,8000,4000,0.5,0.191,0.254,0.286,0.193576,0.185,0.246,0.278,0.186755,0.376629
high-prefix-similarity,16,4,4000,4000,604629,8000,12000,1.5,0.16,0.241,0.27,0.166883,0.146,0.22,0.249,0.15396,0.352129
high-prefix-similarity,16,8,4000,4000,591446,8000,28000,3.5,0.194,0.295,0.315,0.189605,0.194,0.295,0.312,0.189431,0.281088
high-prefix-similarity,16,16,4000,4000,584854,8000,60000,7.5,0.306,0.497,0.519,0.301827,0.307,0.493,0.517,0.301694,0.383475
high-prefix-similarity,32,2,4000,4000,630995,8000,4000,0.5,0.094,0.127,0.145,0.096328,0.094,0.126,0.143,0.0965233,0.181894
high-prefix-similarity,32,4,4000,4000,604629,8000,12000,1.5,0.117,0.177,0.201,0.122824,0.119,0.179,0.203,0.124872,0.225473
high-prefix-similarity,32,8,4000,4000,591446,8000,28000,3.5,0.193,0.299,0.32,0.190334,0.193,0.299,0.319,0.190371,0.278362
high-prefix-similarity,32,16,4000,4000,584854,8000,60000,7.5,0.303,0.493,0.522,0.301192,0.305,0.492,0.518,0.301276,0.386096
high-prefix-similarity,32,32,4000,4000,581558,8000,124000,15.5,0.513,0.895,0.947,0.517481,0.515,0.899,0.945,0.517838,0.599213
high-prefix-similarity,64,2,4000,4000,630995,8000,4000,0.5,0.095,0.126,0.143,0.0966408,0.094,0.127,0.144,0.0958758,0.187948
high-prefix-similarity,64,4,4000,4000,604629,8000,12000,1.5,0.118,0.179,0.204,0.123561,0.12,0.18,0.199,0.124774,0.219093
high-prefix-similarity,64,8,4000,4000,591446,8000,28000,3.5,0.194,0.293,0.314,0.189137,0.194,0.299,0.321,0.189724,0.278967
high-prefix-similarity,64,16,4000,4000,584854,8000,60000,7.5,0.301,0.49,0.514,0.299767,0.304,0.49,0.514,0.30016,0.388962
high-prefix-similarity,64,32,4000,4000,581558,8000,124000,15.5,0.51,0.895,0.934,0.512727,0.515,0.9,0.942,0.51696,0.60431
high-prefix-similarity,128,2,4000,4000,630995,8000,4000,0.5,0.095,0.127,0.143,0.0956893,0.093,0.125,0.143,0.0956133,0.184812
high-prefix-similarity,128,4,4000,4000,604629,8000,12000,1.5,0.117,0.179,0.198,0.12162,0.119,0.178,0.208,0.124869,0.216746
high-prefix-similarity,128,8,4000,4000,591446,8000,28000,3.5,0.195,0.302,0.325,0.19298,0.197,0.302,0.328,0.194354,0.27772
high-prefix-similarity,128,16,4000,4000,584854,8000,60000,7.5,0.306,0.496,0.518,0.301427,0.306,0.494,0.517,0.301224,0.389737
high-prefix-similarity,128,32,4000,4000,581558,8000,124000,15.5,0.512,0.897,0.947,0.514448,0.514,0.899,0.939,0.517161,0.602009
random-long,4,2,4000,4000,704738,8000,4000,0.5,0.109,0.142,0.159,0.110494,0.11,0.14,0.156,0.110572,0.233057
random-long,4,4,4000,4000,704717,8000,12000,1.5,0.132,0.19,0.208,0.135202,0.133,0.189,0.209,0.135681,0.26312
random-long,8,2,4000,4000,704738,8000,4000,0.5,0.112,0.144,0.157,0.11226,0.111,0.144,0.156,0.111429,0.229238
random-long,8,4,4000,4000,704717,8000,12000,1.5,0.134,0.192,0.212,0.137042,0.131,0.19,0.206,0.135153,0.262702
random-long,8,8,4000,4000,704702,8000,28000,3.5,0.187,0.264,0.284,0.18509,0.189,0.266,0.286,0.186005,0.320016
random-long,16,2,4000,4000,704738,8000,4000,0.5,0.108,0.142,0.157,0.111987,0.109,0.14,0.155,0.108748,0.226776
random-long,16,4,4000,4000,704717,8000,12000,1.5,0.133,0.19,0.209,0.136257,0.132,0.192,0.212,0.135786,0.263506
random-long,16,8,4000,4000,704702,8000,28000,3.5,0.186,0.262,0.283,0.182965,0.185,0.259,0.279,0.181262,0.315218
random-long,16,16,4000,4000,704700,8000,60000,7.5,0.268,0.396,0.426,0.262927,0.266,0.389,0.418,0.259745,0.396892
random-long,32,2,4000,4000,704738,8000,4000,0.5,0.109,0.14,0.153,0.109828,0.109,0.139,0.151,0.108796,0.258361
random-long,32,4,4000,4000,704717,8000,12000,1.5,0.132,0.19,0.21,0.135579,0.147,0.233,0.265,0.153433,0.263318
random-long,32,8,4000,4000,704702,8000,28000,3.5,0.188,0.265,0.285,0.185349,0.189,0.264,0.289,0.185427,0.314631
random-long,32,16,4000,4000,704700,8000,60000,7.5,0.268,0.396,0.421,0.263022,0.268,0.396,0.427,0.265078,0.394562
random-long,32,32,4000,4000,704698,8000,124000,15.5,0.41,0.677,0.729,0.412975,0.4,0.655,0.691,0.400155,0.539153
random-long,64,2,4000,4000,704738,8000,4000,0.5,0.11,0.14,0.156,0.110985,0.11,0.14,0.155,0.110372,0.230468
random-long,64,4,4000,4000,704717,8000,12000,1.5,0.134,0.193,0.212,0.137461,0.133,0.191,0.207,0.136412,0.262573
random-long,64,8,4000,4000,704702,8000,28000,3.5,0.188,0.268,0.295,0.186189,0.187,0.262,0.291,0.185179,0.328962
random-long,64,16,4000,4000,704700,8000,60000,7.5,0.265,0.391,0.426,0.261861,0.264,0.395,0.423,0.261214,0.404428
random-long,64,32,4000,4000,704698,8000,124000,15.5,0.409,0.664,0.706,0.408782,0.405,0.666,0.708,0.40763,0.542637
random-long,128,2,4000,4000,704738,8000,4000,0.5,0.109,0.14,0.157,0.109154,0.108,0.14,0.153,0.109141,0.228845
random-long,128,4,4000,4000,704717,8000,12000,1.5,0.134,0.19,0.21,0.137583,0.134,0.193,0.209,0.137826,0.262383
random-long,128,8,4000,4000,704702,8000,28000,3.5,0.188,0.262,0.284,0.184461,0.187,0.261,0.282,0.183292,0.313474
random-long,128,16,4000,4000,704700,8000,60000,7.5,0.269,0.395,0.423,0.264389,0.264,0.392,0.42,0.260517,0.395007
random-long,128,32,4000,4000,704698,8000,124000,15.5,0.413,0.684,0.73,0.414641,0.408,0.67,0.71,0.409398,0.536669
