dataset,variant,symbols,insert_us,cold_lookup_us,repeated_lookup_us,cache_hit_rate,speedup_vs_no_cache_x
small,cache-off,100,0.57843,0.04597,0.0204156,0,1
small,cache-on,100,0.32189,0.14719,0.0311312,0.9,0.655792
medium,cache-off,2000,0.268623,0.04273,0.0290469,0,1
medium,cache-on,2000,0.207774,0.139832,0.0378937,0.9,0.766535
large,cache-off,20000,0.337697,0.079228,0.0366062,0,1
large,cache-on,20000,0.228033,0.201964,0.0423531,0.9,0.86431
high-prefix-similarity,cache-off,2000,0.314048,0.07578,0.0665719,0,1
high-prefix-similarity,cache-on,2000,0.297961,0.164022,0.05935,0.9,1.12168
random-identifiers,cache-off,2000,0.229896,0.053604,0.0385594,0,1
random-identifiers,cache-on,2000,0.232755,0.149116,0.0383156,0.9,1.00636
nested-scopes,cache-off,1000,0.297047,0.074104,0.05505,0,1
nested-scopes,cache-on,1000,0.284092,0.160732,0.0588344,0.9,0.935677
hot-cold-access,cache-off,1500,0.238687,0.047898,0.0680656,0,1
hot-cold-access,cache-on,1500,0.224459,0.139248,0.0600094,0.9,1.13425
memory-stress,cache-off,1500,0.344621,0.065032,0.0482219,0,1
memory-stress,cache-on,1500,0.462516,0.180164,0.0413312,0.9,1.16672
large-hot-set-150,cache-off,150,0,0,0.07702,0,1
large-hot-set-150,cache-on,150,0,0,0.0736447,0.9,1.04583
