workload_corpus,category,implementation,physical_peak_heap_bytes,physical_final_heap_bytes,modeled_final_bytes,bytes_per_unique_symbol,lookup_p50_us,lookup_p95_us,lookup_p99_us,lookup_mean_us,insert_p50_us,insert_p95_us,insert_p99_us,insert_mean_us,count_inline,count_interned,count_compressed,reconstruction_count,mean_reconstruction_depth,promotions,demotions,seed_count,measurement_type,exact_source_file
FreeRTOS,real_world_corpus,Conventional,3992248,3744448,523283,360,0.08,0.201,0.287,0.0975662,0.11,0.271,0.461,0.138953,0,0,0,0,0,0,0,1,allocator-measured,results/real_world_benchmark.csv
FreeRTOS,real_world_corpus,Interned,5169912,5085088,492923,489,0.078,0.15,0.189,0.0878395,0.111,0.309,0.437,0.14859,0,0,0,0,0,0,0,1,allocator-measured,results/real_world_benchmark.csv
FreeRTOS,real_world_corpus,Conventional-HeapString,3985872,3733672,421507,359,0.097,0.226,0.32,0.114198,0.113,0.222,0.358,0.129003,0,0,0,0,0,0,0,1,allocator-measured,results/real_world_benchmark.csv
FreeRTOS,real_world_corpus,BudgetSymV1,20411264,16181376,568121,1557,0.076,0.375,0.552,0.12781,0.337,0.698,1.548,0.446357,0,0,0,0,0,762,0,1,allocator-measured,results/real_world_benchmark.csv
FreeRTOS,real_world_corpus,SymTabV2,5185864,5119064,1986001,492,0.069,0.472,0.652,0.126024,0.462,1.277,1.641,0.559332,5557,1250,3579,87554,3.44037,7105,0,1,allocator-measured,results/real_world_benchmark.csv
FreeRTOS,real_world_corpus,SymTabV3,4783784,4715552,1630741,454,0.073,0.511,0.744,0.135576,0.459,1.361,1.821,0.574252,5557,1250,3579,87554,3.44037,7105,0,1,allocator-measured,results/real_world_benchmark.csv
FreeRTOS,real_world_corpus,SymTabV4,4882432,4814200,1743373,463,0.079,0.571,0.807,0.151864,0.509,1.453,1.898,0.627156,5557,1250,3579,87554,3.44037,7105,0,1,allocator-measured,results/real_world_benchmark.csv
Arduino,real_world_corpus,Conventional,2423216,2422864,542842,220,0.089,0.197,0.264,0.101171,0.131,0.268,0.404,0.148692,0,0,0,0,0,0,0,1,allocator-measured,results/real_world_benchmark.csv
Arduino,real_world_corpus,Interned,3696912,3696768,515114,336,0.082,0.155,0.203,0.0917181,0.154,0.357,0.476,0.198961,0,0,0,0,0,0,0,1,allocator-measured,results/real_world_benchmark.csv
Arduino,real_world_corpus,Conventional-HeapString,2429776,2429408,431930,220,0.094,0.193,0.259,0.105612,0.117,0.225,0.325,0.132903,0,0,0,0,0,0,0,1,allocator-measured,results/real_world_benchmark.csv
Arduino,real_world_corpus,BudgetSymV1,6779032,6779032,466115,616,0.067,0.34,0.505,0.109331,0.353,0.717,0.95,0.420496,0,0,0,0,0,535,0,1,allocator-measured,results/real_world_benchmark.csv
Arduino,real_world_corpus,SymTabV2,3378496,3378072,1857213,307,0.066,0.282,0.623,0.0955076,0.282,0.993,1.539,0.403872,7366,1105,2529,13518,3.28125,1021,0,1,allocator-measured,results/real_world_benchmark.csv
Arduino,real_world_corpus,SymTabV3,2992048,2991568,1482339,271,0.066,0.276,0.612,0.0933494,0.227,0.879,1.43,0.342292,7366,1105,2529,13518,3.28125,1021,0,1,allocator-measured,results/real_world_benchmark.csv
Arduino,real_world_corpus,SymTabV4,3110912,3089912,1590403,280,0.062,0.284,0.602,0.0899666,0.219,0.889,1.424,0.344194,7366,1105,2529,13518,3.28125,1021,0,1,allocator-measured,results/real_world_benchmark.csv
Zephyr,real_world_corpus,Conventional,50918616,47755968,1566658,208,0.109,0.389,0.822,0.152808,0.149,0.365,0.778,0.191712,0,0,0,0,0,0,0,1,allocator-measured,results/real_world_benchmark.csv
Zephyr,real_world_corpus,Interned,81517784,81218544,1469814,355,0.102,0.287,0.619,0.132342,0.215,0.643,0.937,0.338859,0,0,0,0,0,0,0,1,allocator-measured,results/real_world_benchmark.csv
Zephyr,real_world_corpus,Conventional-HeapString,50849120,48142480,1267666,210,0.125,0.409,0.949,0.17151,0.134,0.367,0.651,0.176391,0,0,0,0,0,0,0,1,allocator-measured,results/real_world_benchmark.csv
Zephyr,real_world_corpus,BudgetSymV1,212195520,190962656,2782069,834,0.071,0.412,1.029,0.133826,0.421,1.159,2.058,0.656836,0,0,0,0,0,32135,0,1,allocator-measured,results/real_world_benchmark.csv
Zephyr,real_world_corpus,SymTabV2,60953920,55122848,6286256,240,0.071,0.412,0.735,0.118515,0.363,0.997,1.668,0.450961,213614,5372,9753,521609,3.33603,33662,0,1,allocator-measured,results/real_world_benchmark.csv
Zephyr,real_world_corpus,SymTabV3,57884416,53387584,5234898,233,0.081,0.473,0.85,0.135262,0.361,1.058,1.782,0.457184,213614,5372,9753,521609,3.33603,33662,0,1,allocator-measured,results/real_world_benchmark.csv
Zephyr,real_world_corpus,SymTabV4,58670936,54174712,6395802,236,0.089,0.557,0.999,0.154313,0.442,1.32,2.096,0.558499,213614,5372,9753,521609,3.33603,33662,0,1,allocator-measured,results/real_world_benchmark.csv
CPython,real_world_corpus,Conventional,38523456,30574920,2800163,444,0.065,0.172,0.328,0.0814653,0.106,0.277,0.526,0.131581,0,0,0,0,0,0,0,1,allocator-measured,results/real_world_benchmark.csv
CPython,real_world_corpus,Interned,48265808,40390320,2666767,586,0.066,0.142,0.289,0.0780289,0.136,0.4,0.59,0.195031,0,0,0,0,0,0,0,1,allocator-measured,results/real_world_benchmark.csv
CPython,real_world_corpus,Conventional-HeapString,38410968,30442400,2266579,442,0.083,0.217,0.462,0.104866,0.106,0.322,0.653,0.145321,0,0,0,0,0,0,0,1,allocator-measured,results/real_world_benchmark.csv
CPython,real_world_corpus,BudgetSymV1,94452120,86692248,2785547,1259,0.07,0.377,0.816,0.115242,0.355,1.078,1.594,0.545926,0,0,0,0,0,4848,0,1,allocator-measured,results/real_world_benchmark.csv
CPython,real_world_corpus,SymTabV2,46549696,38878480,11317889,564,0.057,0.234,0.629,0.0854138,0.314,0.908,1.441,0.405908,42619,10093,16117,198931,3.11171,14145,0,1,allocator-measured,results/real_world_benchmark.csv
CPython,real_world_corpus,SymTabV3,44174136,36368936,9391640,528,0.056,0.221,0.615,0.0831843,0.267,0.824,1.219,0.353715,42619,10093,16117,198931,3.11171,14145,0,1,allocator-measured,results/real_world_benchmark.csv
CPython,real_world_corpus,SymTabV4,44961072,37155936,10435248,539,0.073,0.341,0.956,0.116044,0.409,1.29,1.924,0.54591,42619,10093,16117,198931,3.11171,14145,0,1,allocator-measured,results/real_world_benchmark.csv
Lua,real_world_corpus,Conventional,1439144,1243328,227305,307,0.102,0.209,0.283,0.112665,0.152,0.289,0.426,0.170661,0,0,0,0,0,0,0,1,allocator-measured,results/real_world_benchmark.csv
Lua,real_world_corpus,Interned,1756816,1565392,215077,387,0.099,0.184,0.252,0.110721,0.206,0.416,0.577,0.23498,0,0,0,0,0,0,0,1,allocator-measured,results/real_world_benchmark.csv
Lua,real_world_corpus,Conventional-HeapString,1456640,1263752,178393,312,0.108,0.226,0.309,0.122774,0.138,0.251,0.364,0.153074,0,0,0,0,0,0,0,1,allocator-measured,results/real_world_benchmark.csv
Lua,real_world_corpus,BudgetSymV1,3111072,2991480,167833,740,0.092,0.498,0.748,0.156141,0.482,0.952,1.328,0.562873,0,0,0,0,0,161,0,1,allocator-measured,results/real_world_benchmark.csv
Lua,real_world_corpus,SymTabV2,1723432,1610344,730461,398,0.069,0.15,0.479,0.0848281,0.246,0.707,1.247,0.32727,3216,561,261,1671,3.35428,228,0,1,allocator-measured,results/real_world_benchmark.csv
Lua,real_world_corpus,SymTabV3,1588616,1458256,571019,361,0.065,0.141,0.457,0.0801442,0.187,0.602,1.073,0.259346,3216,561,261,1671,3.35428,228,0,1,allocator-measured,results/real_world_benchmark.csv
Lua,real_world_corpus,SymTabV4,1566032,1445960,566723,358,0.063,0.138,0.481,0.0784821,0.186,0.638,1.127,0.261895,3216,561,261,1671,3.35428,228,0,1,allocator-measured,results/real_world_benchmark.csv
ESP-IDF,real_world_corpus,Conventional,73284344,65649920,13491463,284,0.098,0.252,0.514,0.119778,0.169,0.54,0.775,0.237246,0,0,0,0,0,0,0,1,allocator-measured,results/real_world_benchmark.csv
ESP-IDF,real_world_corpus,Interned,100217352,92953536,12877391,402,0.081,0.17,0.444,0.097186,0.192,0.547,0.755,0.291023,0,0,0,0,0,0,0,1,allocator-measured,results/real_world_benchmark.csv
ESP-IDF,real_world_corpus,Conventional-HeapString,71661944,64012552,11035175,277,0.106,0.263,0.558,0.130055,0.154,0.608,0.832,0.239729,0,0,0,0,0,0,0,1,allocator-measured,results/real_world_benchmark.csv
ESP-IDF,real_world_corpus,BudgetSymV1,217774520,210803152,13249384,912,0.08,0.494,0.991,0.150066,0.603,1.364,2.153,0.808319,0,0,0,0,0,11404,0,1,allocator-measured,results/real_world_benchmark.csv
ESP-IDF,real_world_corpus,SymTabV2,101480800,94182224,45804312,407,0.078,0.462,0.933,0.129255,0.623,1.634,2.08,0.734544,90100,19707,121268,621218,3.35916,28413,0,1,allocator-measured,results/real_world_benchmark.csv
ESP-IDF,real_world_corpus,SymTabV3,89351144,81901168,36505408,354,0.073,0.445,0.893,0.122978,0.55,1.624,2.094,0.677961,90100,19707,121268,621218,3.35916,28413,0,1,allocator-measured,results/real_world_benchmark.csv
ESP-IDF,real_world_corpus,SymTabV4,92496688,85046712,40519824,368,0.073,0.477,0.93,0.127119,0.608,1.871,2.661,0.774309,90100,19707,121268,621218,3.35916,28413,0,1,allocator-measured,results/real_world_benchmark.csv
protobuf-generated-cpp,real_world_corpus,Conventional,65425880,65396832,932464,251,0.079,0.191,0.309,0.094626,0.154,0.342,0.635,0.185384,0,0,0,0,0,0,0,1,allocator-measured,results/real_world_benchmark.csv
protobuf-generated-cpp,real_world_corpus,Interned,117523176,117518264,908824,451,0.073,0.134,0.202,0.0818015,0.139,0.556,0.907,0.227129,0,0,0,0,0,0,0,1,allocator-measured,results/real_world_benchmark.csv
protobuf-generated-cpp,real_world_corpus,Conventional-HeapString,65835584,65810352,837904,253,0.082,0.19,0.34,0.0992167,0.112,0.275,0.418,0.135264,0,0,0,0,0,0,0,1,allocator-measured,results/real_world_benchmark.csv
protobuf-generated-cpp,real_world_corpus,BudgetSymV1,334430784,320115152,2093789,1231,0.09,0.332,0.533,0.12992,0.275,1.219,2.083,0.522938,0,0,0,0,0,7499,0,1,allocator-measured,results/real_world_benchmark.csv
protobuf-generated-cpp,real_world_corpus,SymTabV2,70532768,70347464,5182595,270,0.068,0.456,0.796,0.119892,0.363,0.924,1.3,0.413387,254124,1268,4635,1420773,3.29868,60468,0,1,allocator-measured,results/real_world_benchmark.csv
protobuf-generated-cpp,real_world_corpus,SymTabV3,69577368,69444160,4415535,267,0.066,0.451,0.812,0.11894,0.311,0.858,1.227,0.362889,254124,1268,4635,1420773,3.29868,60468,0,1,allocator-measured,results/real_world_benchmark.csv
protobuf-generated-cpp,real_world_corpus,SymTabV4,69773440,69640120,4695615,267,0.059,0.422,0.741,0.109305,0.305,0.808,1.13,0.34349,254124,1268,4635,1420773,3.29868,60468,0,1,allocator-measured,results/real_world_benchmark.csv
Clang,real_world_corpus,Conventional,9460488,8506752,117523,179,0.078,0.171,0.239,0.0895069,0.15,0.296,0.475,0.16969,0,0,0,0,0,0,0,1,allocator-measured,results/real_world_benchmark.csv
Clang,real_world_corpus,Interned,16554344,15700928,112535,331,0.079,0.142,0.199,0.0871963,0.194,0.46,0.639,0.2588,0,0,0,0,0,0,0,1,allocator-measured,results/real_world_benchmark.csv
Clang,real_world_corpus,Conventional-HeapString,9589224,8637096,97571,182,0.098,0.192,0.262,0.108979,0.127,0.259,0.429,0.146688,0,0,0,0,0,0,0,1,allocator-measured,results/real_world_benchmark.csv
Clang,real_world_corpus,BudgetSymV1,48874120,39701688,315984,837,0.076,0.298,0.434,0.115842,0.356,0.819,1.132,0.479793,0,0,0,0,0,1275,0,1,allocator-measured,results/real_world_benchmark.csv
Clang,real_world_corpus,SymTabV2,10555304,9651576,894921,203,0.065,0.394,0.592,0.105236,0.266,0.708,1.012,0.332169,46287,128,963,82795,3.25115,7290,0,1,allocator-measured,results/real_world_benchmark.csv
Clang,real_world_corpus,SymTabV3,10380616,9471264,810887,199,0.062,0.375,0.56,0.0993833,0.205,0.583,0.862,0.263505,46287,128,963,82795,3.25115,7290,0,1,allocator-measured,results/real_world_benchmark.csv
Clang,real_world_corpus,SymTabV4,10478448,9569096,964431,201,0.061,0.385,0.582,0.101161,0.211,0.622,0.947,0.275829,46287,128,963,82795,3.25115,7290,0,1,allocator-measured,results/real_world_benchmark.csv
Qt6,real_world_corpus,Conventional,31644824,28496336,3066461,214,0.08,0.207,0.423,0.100776,0.122,0.32,0.598,0.153029,0,0,0,0,0,0,0,1,allocator-measured,results/real_world_benchmark.csv
Qt6,real_world_corpus,Interned,53260864,49968136,2913612,376,0.095,0.227,0.606,0.119644,0.206,0.64,0.901,0.302669,0,0,0,0,0,0,0,1,allocator-measured,results/real_world_benchmark.csv
Qt6,real_world_corpus,Conventional-HeapString,31507592,28346784,2564029,213,0.122,0.329,0.736,0.171334,0.151,0.405,0.762,0.212658,0,0,0,0,0,0,0,1,allocator-measured,results/real_world_benchmark.csv
Qt6,real_world_corpus,BudgetSymV1,99228128,98086384,3437973,739,0.125,0.648,1.256,0.210304,0.658,1.608,2.223,0.88326,0,0,0,0,0,3540,0,1,allocator-measured,results/real_world_benchmark.csv
Qt6,real_world_corpus,SymTabV2,38642592,36097504,11928995,272,0.073,0.353,0.742,0.111381,0.358,1.131,1.554,0.479481,104640,4693,23366,190827,3.32899,10210,0,1,allocator-measured,results/real_world_benchmark.csv
Qt6,real_world_corpus,SymTabV3,36199048,33525720,9740782,252,0.074,0.341,0.743,0.11071,0.298,1.004,1.424,0.41563,104640,4693,23366,190827,3.32899,10210,0,1,allocator-measured,results/real_world_benchmark.csv
Qt6,real_world_corpus,SymTabV4,37247888,34574576,10799966,260,0.065,0.319,0.678,0.099082,0.29,1.023,1.415,0.415517,104640,4693,23366,190827,3.32899,10210,0,1,allocator-measured,results/real_world_benchmark.csv
Eigen,real_world_corpus,Conventional,18125072,14705000,720200,351,0.099,0.257,0.393,0.121153,0.189,0.433,0.702,0.219379,0,0,0,0,0,0,0,1,allocator-measured,results/real_world_benchmark.csv
Eigen,real_world_corpus,Interned,23422176,20371200,685360,487,0.106,0.212,0.365,0.122391,0.247,0.716,1.016,0.328412,0,0,0,0,0,0,0,1,allocator-measured,results/real_world_benchmark.csv
Eigen,real_world_corpus,Conventional-HeapString,18169664,14728288,580840,352,0.092,0.202,0.299,0.106556,0.123,0.273,0.461,0.143832,0,0,0,0,0,0,0,1,allocator-measured,results/real_world_benchmark.csv
Eigen,real_world_corpus,BudgetSymV1,45973568,43222160,657165,1034,0.064,0.263,0.419,0.0933235,0.295,0.8,1.091,0.398818,0,0,0,0,0,2381,0,1,allocator-measured,results/real_world_benchmark.csv
Eigen,real_world_corpus,SymTabV2,19953504,17557552,3593116,420,0.056,0.172,0.5,0.0766808,0.226,0.696,0.987,0.303116,35247,2709,3834,102057,3.10098,10731,0,1,allocator-measured,results/real_world_benchmark.csv
Eigen,real_world_corpus,SymTabV3,19569144,16915472,3097458,404,0.054,0.167,0.491,0.0744462,0.174,0.603,0.919,0.249758,35247,2709,3834,102057,3.10098,10731,0,1,allocator-measured,results/real_world_benchmark.csv
Eigen,real_world_corpus,SymTabV4,19667424,17112072,3355138,409,0.059,0.192,0.553,0.0823027,0.197,0.696,1.015,0.287201,35247,2709,3834,102057,3.10098,10731,0,1,allocator-measured,results/real_world_benchmark.csv
cJSON,real_world_corpus,Conventional,647720,647720,173228,275,0.067,0.147,0.193,0.0771542,0.124,0.238,0.311,0.13663,0,0,0,0,0,0,0,1,allocator-measured,results/real_world_benchmark.csv
cJSON,real_world_corpus,Interned,943744,943744,165552,401,0.071,0.123,0.155,0.0772146,0.17,0.392,0.536,0.207188,0,0,0,0,0,0,0,1,allocator-measured,results/real_world_benchmark.csv
cJSON,real_world_corpus,Conventional-HeapString,628680,628680,142524,267,0.088,0.187,0.253,0.0998363,0.118,0.255,0.354,0.138036,0,0,0,0,0,0,0,1,allocator-measured,results/real_world_benchmark.csv
cJSON,real_world_corpus,BudgetSymV1,1744608,1744512,139997,741,0.073,0.352,0.498,0.113356,0.391,0.821,1.326,0.459725,0,0,0,0,0,287,0,1,allocator-measured,results/real_world_benchmark.csv
cJSON,real_world_corpus,SymTabV2,962544,962280,587948,409,0.062,0.421,0.697,0.0992439,0.283,0.933,1.507,0.405837,699,474,1179,3442,3.41604,515,0,1,allocator-measured,results/real_world_benchmark.csv
cJSON,real_world_corpus,SymTabV3,821632,821368,466135,349,0.062,0.418,0.689,0.100074,0.223,0.84,1.346,0.346603,699,474,1179,3442,3.41604,515,0,1,allocator-measured,results/real_world_benchmark.csv
cJSON,real_world_corpus,SymTabV4,904056,886864,532383,377,0.062,0.439,0.708,0.102235,0.231,0.901,1.485,0.378683,699,474,1179,3442,3.41604,515,0,1,allocator-measured,results/real_world_benchmark.csv
curl,real_world_corpus,Conventional,10541272,8505184,1026189,382,0.098,0.265,0.46,0.119079,0.141,0.281,0.454,0.15908,0,0,0,0,0,0,0,1,allocator-measured,results/real_world_benchmark.csv
curl,real_world_corpus,Interned,13208952,11190760,946922,503,0.084,0.195,0.329,0.0993949,0.169,0.375,0.504,0.209328,0,0,0,0,0,0,0,1,allocator-measured,results/real_world_benchmark.csv
curl,real_world_corpus,Conventional-HeapString,10527984,8493408,819069,382,0.097,0.282,0.561,0.124708,0.113,0.243,0.435,0.133297,0,0,0,0,0,0,0,1,allocator-measured,results/real_world_benchmark.csv
curl,real_world_corpus,BudgetSymV1,24746112,22732176,890999,1022,0.072,0.413,0.831,0.126247,0.391,0.855,1.121,0.496514,0,0,0,0,0,1456,0,1,allocator-measured,results/real_world_benchmark.csv
curl,real_world_corpus,SymTabV2,13040912,11156720,4105024,502,0.076,0.305,0.728,0.111679,0.356,0.998,1.469,0.459502,14134,4196,3892,42790,3.24174,3711,0,1,allocator-measured,results/real_world_benchmark.csv
curl,real_world_corpus,SymTabV3,12315368,10422416,3428521,469,0.074,0.262,0.699,0.106223,0.283,0.855,1.335,0.381064,14134,4196,3892,42790,3.24174,3711,0,1,allocator-measured,results/real_world_benchmark.csv
curl,real_world_corpus,SymTabV4,12512112,10619160,3652321,477,0.066,0.245,0.645,0.0958141,0.259,0.788,1.229,0.359954,14134,4196,3892,42790,3.24174,3711,0,1,allocator-measured,results/real_world_benchmark.csv
FFmpeg,real_world_corpus,Conventional,74569520,60835400,5636612,429,0.091,0.216,0.417,0.107585,0.148,0.446,0.692,0.188388,0,0,0,0,0,0,0,1,allocator-measured,results/real_world_benchmark.csv
FFmpeg,real_world_corpus,Interned,87810808,79946408,5356256,565,0.09,0.191,0.512,0.109919,0.196,0.653,0.906,0.293672,0,0,0,0,0,0,0,1,allocator-measured,results/real_world_benchmark.csv
FFmpeg,real_world_corpus,Conventional-HeapString,74502152,60746336,4515188,429,0.102,0.254,0.564,0.125593,0.13,0.476,0.79,0.182495,0,0,0,0,0,0,0,1,allocator-measured,results/real_world_benchmark.csv
FFmpeg,real_world_corpus,BudgetSymV1,181389144,168792208,5180840,1192,0.067,0.372,0.777,0.115664,0.375,1.078,1.502,0.561525,0,0,0,0,0,9072,0,1,allocator-measured,results/real_world_benchmark.csv
FFmpeg,real_world_corpus,SymTabV2,87646144,78726384,23945056,556,0.055,0.188,0.532,0.0777442,0.27,0.916,1.334,0.378823,94629,19242,27615,325352,3.18039,26935,0,1,allocator-measured,results/real_world_benchmark.csv
FFmpeg,real_world_corpus,SymTabV3,84323160,73948888,20077298,522,0.054,0.17,0.51,0.0759142,0.225,0.78,1.126,0.322472,94629,19242,27615,325352,3.18039,26935,0,1,allocator-measured,results/real_world_benchmark.csv
FFmpeg,real_world_corpus,SymTabV4,85109440,74210896,20826986,524,0.059,0.21,0.601,0.0851824,0.262,0.965,1.418,0.387818,94629,19242,27615,325352,3.18039,26935,0,1,allocator-measured,results/real_world_benchmark.csv
LLVM,real_world_corpus,Conventional,19039600,17072688,110284,173,0.066,0.156,0.221,0.0777689,0.125,0.256,0.442,0.144534,0,0,0,0,0,0,0,1,allocator-measured,results/real_world_benchmark.csv
LLVM,real_world_corpus,Interned,33622232,31791672,105504,322,0.071,0.129,0.181,0.0788419,0.181,0.49,0.687,0.263006,0,0,0,0,0,0,0,1,allocator-measured,results/real_world_benchmark.csv
LLVM,real_world_corpus,Conventional-HeapString,19315864,17349800,91164,176,0.09,0.187,0.264,0.102939,0.118,0.254,0.459,0.139542,0,0,0,0,0,0,0,1,allocator-measured,results/real_world_benchmark.csv
LLVM,real_world_corpus,BudgetSymV1,99712688,81175784,1229500,824,0.067,0.274,0.395,0.103667,0.368,0.873,1.206,0.513207,0,0,0,0,0,3701,0,1,allocator-measured,results/real_world_benchmark.csv
LLVM,real_world_corpus,SymTabV2,20069480,18139128,747067,184,0.062,0.335,0.581,0.0931809,0.263,0.792,1.262,0.350695,97400,104,961,135594,3.27469,9446,0,1,allocator-measured,results/real_world_benchmark.csv
LLVM,real_world_corpus,SymTabV3,19880560,17945024,669115,182,0.085,0.471,0.886,0.132772,0.325,1.172,2.013,0.458925,97400,104,961,135594,3.27469,9446,0,1,allocator-measured,results/real_world_benchmark.csv
LLVM,real_world_corpus,SymTabV4,19978472,18042936,823075,183,0.084,0.48,0.827,0.129027,0.301,1.004,1.611,0.422699,97400,104,961,135594,3.27469,9446,0,1,allocator-measured,results/real_world_benchmark.csv
mbedTLS,real_world_corpus,Conventional,1757960,1755920,314405,309,0.116,0.246,0.339,0.129164,0.182,0.351,0.531,0.201019,0,0,0,0,0,0,0,1,allocator-measured,results/real_world_benchmark.csv
mbedTLS,real_world_corpus,Interned,2484016,2482968,300141,438,0.102,0.192,0.268,0.114754,0.219,0.488,0.675,0.26472,0,0,0,0,0,0,0,1,allocator-measured,results/real_world_benchmark.csv
mbedTLS,real_world_corpus,Conventional-HeapString,1730112,1728168,257349,304,0.12,0.293,0.416,0.141984,0.15,0.312,0.455,0.174693,0,0,0,0,0,0,0,1,allocator-measured,results/real_world_benchmark.csv
mbedTLS,real_world_corpus,BudgetSymV1,6386760,5847384,304473,1031,0.085,0.488,0.707,0.148883,0.424,0.883,1.155,0.511221,0,0,0,0,0,1230,0,1,allocator-measured,results/real_world_benchmark.csv
mbedTLS,real_world_corpus,SymTabV2,2675576,2673848,1339456,471,0.085,0.582,1.022,0.151853,0.462,1.205,1.935,0.567366,2793,1459,1416,16743,3.28896,2083,0,1,allocator-measured,results/real_world_benchmark.csv
mbedTLS,real_world_corpus,SymTabV3,2417480,2416456,1118895,426,0.088,0.608,1.11,0.155221,0.408,1.159,1.849,0.515406,2793,1459,1416,16743,3.28896,2083,0,1,allocator-measured,results/real_world_benchmark.csv
mbedTLS,real_world_corpus,SymTabV4,2466608,2465584,1171967,435,0.087,0.638,1.119,0.157448,0.434,1.214,1.958,0.541328,2793,1459,1416,16743,3.28896,2083,0,1,allocator-measured,results/real_world_benchmark.csv
Nginx,real_world_corpus,Conventional,8724664,6839000,702917,548,0.146,0.328,0.503,0.166678,0.194,0.402,0.65,0.222561,0,0,0,0,0,0,0,1,allocator-measured,results/real_world_benchmark.csv
Nginx,real_world_corpus,Interned,10118112,8300496,661140,665,0.119,0.248,0.395,0.137148,0.225,0.54,0.741,0.28291,0,0,0,0,0,0,0,1,allocator-measured,results/real_world_benchmark.csv
Nginx,real_world_corpus,Conventional-HeapString,8660304,6764360,572085,542,0.137,0.315,0.46,0.15939,0.154,0.325,0.535,0.179596,0,0,0,0,0,0,0,1,allocator-measured,results/real_world_benchmark.csv
Nginx,real_world_corpus,BudgetSymV1,16782184,15126408,673056,1213,0.076,0.413,0.722,0.118778,0.403,0.924,1.228,0.504574,0,0,0,0,0,2762,0,1,allocator-measured,results/real_world_benchmark.csv
Nginx,real_world_corpus,SymTabV2,10324592,8692664,2950549,697,0.073,0.199,0.657,0.0988283,0.3,1.072,1.685,0.437314,5688,2808,3968,33501,3.37623,3468,0,1,allocator-measured,results/real_world_benchmark.csv
Nginx,real_world_corpus,SymTabV3,9829848,8139632,2472803,653,0.068,0.185,0.611,0.0918603,0.232,0.94,1.474,0.358859,5688,2808,3968,33501,3.37623,3468,0,1,allocator-measured,results/real_world_benchmark.csv
Nginx,real_world_corpus,SymTabV4,9928160,8401784,2734747,674,0.068,0.199,0.668,0.0953028,0.248,1.037,1.611,0.395036,5688,2808,3968,33501,3.37623,3468,0,1,allocator-measured,results/real_world_benchmark.csv
protobuf-c,real_world_corpus,Conventional,277664,275800,38829,193,0.083,0.182,0.243,0.0933095,0.157,0.305,0.449,0.169572,0,0,0,0,0,0,0,1,allocator-measured,results/real_world_benchmark.csv
protobuf-c,real_world_corpus,Interned,474408,473176,36965,332,0.078,0.143,0.185,0.0856758,0.192,0.395,0.546,0.223033,0,0,0,0,0,0,0,1,allocator-measured,results/real_world_benchmark.csv
protobuf-c,real_world_corpus,Conventional-HeapString,276184,274192,31373,192,0.092,0.2,0.287,0.10419,0.125,0.253,0.381,0.141286,0,0,0,0,0,0,0,1,allocator-measured,results/real_world_benchmark.csv
protobuf-c,real_world_corpus,BudgetSymV1,905896,904424,35828,635,0.064,0.335,0.486,0.107021,0.373,0.762,1.625,0.437543,0,0,0,0,0,137,0,1,allocator-measured,results/real_world_benchmark.csv
protobuf-c,real_world_corpus,SymTabV2,403856,402288,183524,282,0.059,0.38,0.687,0.097233,0.326,0.843,1.166,0.398922,1081,134,208,2144,3.33815,178,0,1,allocator-measured,results/real_world_benchmark.csv
protobuf-c,real_world_corpus,SymTabV3,373248,372256,156666,261,0.06,0.399,0.708,0.098577,0.269,0.767,1.038,0.343338,1081,134,208,2144,3.33815,178,0,1,allocator-measured,results/real_world_benchmark.csv
protobuf-c,real_world_corpus,SymTabV4,379512,378520,162858,266,0.06,0.423,0.711,0.100961,0.295,0.83,1.206,0.373275,1081,134,208,2144,3.33815,178,0,1,allocator-measured,results/real_world_benchmark.csv
QEMU,real_world_corpus,Conventional,98290792,87804928,15324530,292,0.086,0.231,0.462,0.106876,0.159,0.552,0.771,0.235599,0,0,0,0,0,0,0,1,allocator-measured,results/real_world_benchmark.csv
QEMU,real_world_corpus,Interned,126529408,125688560,14567606,419,0.074,0.175,0.488,0.0931759,0.188,0.565,0.764,0.292224,0,0,0,0,0,0,0,1,allocator-measured,results/real_world_benchmark.csv
QEMU,real_world_corpus,Conventional-HeapString,97770328,87231752,12296834,290,0.105,0.31,0.655,0.135946,0.146,0.682,0.937,0.252288,0,0,0,0,0,0,0,1,allocator-measured,results/real_world_benchmark.csv
QEMU,real_world_corpus,BudgetSymV1,228159624,223241744,12982889,744,0.066,0.448,0.884,0.125352,0.432,1.153,1.706,0.63513,0,0,0,0,0,28302,0,1,allocator-measured,results/real_world_benchmark.csv
QEMU,real_world_corpus,SymTabV2,130173008,126023080,60277974,420,0.059,0.323,0.723,0.0948226,0.381,1.087,1.51,0.509476,166207,45794,87885,507484,3.24275,41013,0,1,allocator-measured,results/real_world_benchmark.csv
QEMU,real_world_corpus,SymTabV3,119124184,114101056,49799336,380,0.053,0.293,0.661,0.086381,0.301,0.934,1.319,0.420791,166207,45794,87885,507484,3.24275,41013,0,1,allocator-measured,results/real_world_benchmark.csv
QEMU,real_world_corpus,SymTabV4,122269840,117246712,53528048,390,0.064,0.37,0.852,0.107092,0.405,1.172,1.617,0.543998,166207,45794,87885,507484,3.24275,41013,0,1,allocator-measured,results/real_world_benchmark.csv
Redis,real_world_corpus,Conventional,11060824,10541096,1835935,309,0.076,0.173,0.271,0.0877706,0.124,0.308,0.51,0.153099,0,0,0,0,0,0,0,1,allocator-measured,results/real_world_benchmark.csv
Redis,real_world_corpus,Interned,15554008,14890648,1745263,437,0.074,0.147,0.272,0.0851763,0.167,0.432,0.597,0.2278,0,0,0,0,0,0,0,1,allocator-measured,results/real_world_benchmark.csv
Redis,real_world_corpus,Conventional-HeapString,11037768,10475896,1473247,307,0.094,0.225,0.371,0.111444,0.12,0.367,0.584,0.1675,0,0,0,0,0,0,0,1,allocator-measured,results/real_world_benchmark.csv
Redis,real_world_corpus,BudgetSymV1,26432216,26431256,1610857,776,0.066,0.376,0.662,0.113965,0.357,0.873,1.169,0.471097,0,0,0,0,0,2680,0,1,allocator-measured,results/real_world_benchmark.csv
Redis,real_world_corpus,SymTabV2,14754504,14753248,6807004,433,0.061,0.291,0.749,0.0952062,0.3,1.033,1.573,0.437102,18686,7562,7810,60768,3.34001,7578,0,1,allocator-measured,results/real_world_benchmark.csv
Redis,real_world_corpus,SymTabV3,13311184,13310088,5545569,390,0.082,0.355,0.993,0.125478,0.357,1.246,1.922,0.529464,18686,7562,7810,60768,3.34001,7578,0,1,allocator-measured,results/real_world_benchmark.csv
Redis,real_world_corpus,SymTabV4,13704432,13703336,6019144,402,0.067,0.301,0.799,0.102646,0.271,1.01,1.574,0.42226,18686,7561,7811,60769,3.34007,7577,0,1,allocator-measured,results/real_world_benchmark.csv
SQLite,real_world_corpus,Conventional,11007888,10000256,1061737,346,0.094,0.218,0.336,0.109025,0.132,0.291,0.522,0.158183,0,0,0,0,0,0,0,1,allocator-measured,results/real_world_benchmark.csv
SQLite,real_world_corpus,Interned,14069944,13076584,1008373,453,0.084,0.166,0.247,0.0955701,0.165,0.409,0.57,0.211158,0,0,0,0,0,0,0,1,allocator-measured,results/real_world_benchmark.csv
SQLite,real_world_corpus,Conventional-HeapString,11019632,10013200,848281,347,0.093,0.206,0.312,0.107336,0.107,0.236,0.42,0.129086,0,0,0,0,0,0,0,1,allocator-measured,results/real_world_benchmark.csv
SQLite,real_world_corpus,BudgetSymV1,45254376,35886752,932863,1244,0.059,0.297,0.501,0.0939404,0.294,0.682,0.918,0.379737,0,0,0,0,0,2735,0,1,allocator-measured,results/real_world_benchmark.csv
SQLite,real_world_corpus,SymTabV2,13539768,12538352,4106472,434,0.058,0.158,0.503,0.0781538,0.229,0.725,1.116,0.318804,20648,4204,3980,53036,3.24351,4878,0,1,allocator-measured,results/real_world_benchmark.csv
SQLite,real_world_corpus,SymTabV3,12769384,11760096,3374717,407,0.065,0.178,0.584,0.0883114,0.224,0.794,1.215,0.326275,20648,4204,3980,53036,3.24351,4878,0,1,allocator-measured,results/real_world_benchmark.csv
SQLite,real_world_corpus,SymTabV4,12966016,11956728,3595335,414,0.059,0.155,0.538,0.0797974,0.194,0.693,1.044,0.289106,20648,4204,3980,53033,3.24353,4879,0,1,allocator-measured,results/real_world_benchmark.csv
A_100pct_Inline__live_symbols=1000,controlled_synthetic,Conventional,178296,81408,0,0,0.094,0.13,0.19,0.101078,0.183,0.423,3.366,0.29207,0,0,0,0,0,0,0,1,allocator-measured,results/synthetic_experiments_A_F.csv
A_100pct_Inline__live_symbols=1000,controlled_synthetic,Interned,248112,183192,0,0,0.101,0.145,0.234,0.124111,0.295,0.666,3.414,0.484816,0,0,0,0,0,0,0,1,allocator-measured,results/synthetic_experiments_A_F.csv
A_100pct_Inline__live_symbols=1000,controlled_synthetic,Conventional-HeapString,186496,81464,0,0,0.162,0.226,0.388,0.170094,0.245,0.438,1.259,0.304428,0,0,0,0,0,0,0,1,allocator-measured,results/synthetic_experiments_A_F.csv
A_100pct_Inline__live_symbols=1000,controlled_synthetic,SymTabV3,184664,94968,256,0,0.12,0.182,0.286,0.188856,0.391,0.847,2.955,0.589813,1000,0,0,0,0,0,0,1,allocator-measured,results/synthetic_experiments_A_F.csv
A_100pct_Inline__live_symbols=1000,controlled_synthetic,SymTabV4,176736,95152,256,0,0.121,0.192,0.3,0.140702,0.406,0.766,3.252,0.553418,1000,0,0,0,0,0,0,1,allocator-measured,results/synthetic_experiments_A_F.csv
A_100pct_Inline__live_symbols=5000,controlled_synthetic,Conventional,932792,452032,0,0,0.09,0.126,0.155,0.096047,0.171,0.416,2.918,0.262773,0,0,0,0,0,0,0,1,allocator-measured,results/synthetic_experiments_A_F.csv
A_100pct_Inline__live_symbols=5000,controlled_synthetic,Interned,1388432,1067688,0,0,0.125,0.163,0.186,0.130976,0.391,0.733,4.023,0.824493,0,0,0,0,0,0,0,1,allocator-measured,results/synthetic_experiments_A_F.csv
A_100pct_Inline__live_symbols=5000,controlled_synthetic,Conventional-HeapString,973088,451976,0,0,0.146,0.237,0.372,0.169091,0.262,0.603,1.384,0.362108,0,0,0,0,0,0,0,1,allocator-measured,results/synthetic_experiments_A_F.csv
A_100pct_Inline__live_symbols=5000,controlled_synthetic,SymTabV3,1039384,525832,256,0,0.096,0.149,0.206,0.110467,0.305,0.55,0.961,0.410272,5000,0,0,0,0,0,0,1,allocator-measured,results/synthetic_experiments_A_F.csv
A_100pct_Inline__live_symbols=5000,controlled_synthetic,SymTabV4,974064,526160,256,0,0.094,0.136,0.174,0.101172,0.308,0.583,0.899,0.404144,5000,0,0,0,0,0,0,1,allocator-measured,results/synthetic_experiments_A_F.csv
A_100pct_Inline__live_symbols=10000,controlled_synthetic,Conventional,1866824,904576,0,0,0.103,0.164,0.209,0.137652,0.265,0.665,1.039,0.417691,0,0,0,0,0,0,0,1,allocator-measured,results/synthetic_experiments_A_F.csv
A_100pct_Inline__live_symbols=10000,controlled_synthetic,Interned,2778816,2136616,0,0,0.103,0.146,0.179,0.118971,0.309,0.563,1.15,0.4404,0,0,0,0,0,0,0,1,allocator-measured,results/synthetic_experiments_A_F.csv
A_100pct_Inline__live_symbols=10000,controlled_synthetic,Conventional-HeapString,1947120,904520,0,0,0.122,0.198,0.287,0.143106,0.232,0.685,1.099,0.327011,0,0,0,0,0,0,0,1,allocator-measured,results/synthetic_experiments_A_F.csv
A_100pct_Inline__live_symbols=10000,controlled_synthetic,SymTabV3,2079304,1052728,256,0,0.082,0.125,0.169,0.0896729,0.274,0.559,0.8,0.372641,10000,0,0,0,0,0,0,1,allocator-measured,results/synthetic_experiments_A_F.csv
A_100pct_Inline__live_symbols=10000,controlled_synthetic,SymTabV4,1948560,1052976,256,0,0.091,0.133,0.185,0.0971007,0.308,0.574,0.878,0.411006,10000,0,0,0,0,0,0,1,allocator-measured,results/synthetic_experiments_A_F.csv
A_100pct_Inline__live_symbols=20000,controlled_synthetic,Conventional,2260016,1166704,0,0,0.096,0.122,0.137,0.0984736,0.119,0.294,0.472,0.171705,0,0,0,0,0,0,0,1,allocator-measured,results/synthetic_experiments_A_F.csv
A_100pct_Inline__live_symbols=20000,controlled_synthetic,Interned,3172104,2398776,0,0,0.099,0.133,0.15,0.104584,0.17,0.378,0.553,0.233427,0,0,0,0,0,0,0,1,allocator-measured,results/synthetic_experiments_A_F.csv
A_100pct_Inline__live_symbols=20000,controlled_synthetic,Conventional-HeapString,2340384,1166712,0,0,0.131,0.19,0.229,0.15354,0.179,0.573,0.862,0.255528,0,0,0,0,0,0,0,1,allocator-measured,results/synthetic_experiments_A_F.csv
A_100pct_Inline__live_symbols=20000,controlled_synthetic,SymTabV3,2538152,1314776,256,0,0.094,0.14,0.186,0.100399,0.318,0.759,1.335,0.417845,10000,0,0,0,0,0,0,1,allocator-measured,results/synthetic_experiments_A_F.csv
A_100pct_Inline__live_symbols=20000,controlled_synthetic,SymTabV4,2407360,1315120,256,0,0.093,0.137,0.183,0.102906,0.319,0.762,1.301,0.422099,10000,0,0,0,0,0,0,1,allocator-measured,results/synthetic_experiments_A_F.csv
A_100pct_Inline__live_symbols=50000,controlled_synthetic,Conventional,2915392,1691040,0,0,0.095,0.124,0.145,0.101349,0.102,0.274,0.443,0.136301,0,0,0,0,0,0,0,1,allocator-measured,results/synthetic_experiments_A_F.csv
A_100pct_Inline__live_symbols=50000,controlled_synthetic,Interned,3827400,2923016,0,0,0.11,0.149,0.169,0.118648,0.127,0.406,0.588,0.243232,0,0,0,0,0,0,0,1,allocator-measured,results/synthetic_experiments_A_F.csv
A_100pct_Inline__live_symbols=50000,controlled_synthetic,Conventional-HeapString,2995792,1691016,0,0,0.134,0.193,0.257,0.166209,0.139,0.63,1.03,0.245096,0,0,0,0,0,0,0,1,allocator-measured,results/synthetic_experiments_A_F.csv
A_100pct_Inline__live_symbols=50000,controlled_synthetic,SymTabV3,3324584,1839048,256,0,0.099,0.141,0.188,0.107856,0.352,0.93,1.498,0.461706,10000,0,0,0,0,0,0,1,allocator-measured,results/synthetic_experiments_A_F.csv
A_100pct_Inline__live_symbols=50000,controlled_synthetic,SymTabV4,3193840,1839424,256,0,0.094,0.137,0.178,0.101605,0.343,0.939,1.455,0.459558,10000,0,0,0,0,0,0,1,allocator-measured,results/synthetic_experiments_A_F.csv
B_90_10_Mix__live_symbols=1000,controlled_synthetic,Conventional,186408,85488,0,0,0.084,0.116,0.168,0.090908,0.143,0.405,0.891,0.198675,0,0,0,0,0,0,0,1,allocator-measured,results/synthetic_experiments_A_F.csv
B_90_10_Mix__live_symbols=1000,controlled_synthetic,Interned,260128,195208,0,0,0.1,0.154,0.298,0.110172,0.287,0.815,2.292,0.395335,0,0,0,0,0,0,0,1,allocator-measured,results/synthetic_experiments_A_F.csv
B_90_10_Mix__live_symbols=1000,controlled_synthetic,Conventional-HeapString,192368,85576,0,0,0.146,0.219,0.339,0.154017,0.215,0.439,0.717,0.259623,0,0,0,0,0,0,0,1,allocator-measured,results/synthetic_experiments_A_F.csv
B_90_10_Mix__live_symbols=1000,controlled_synthetic,SymTabV3,195688,98984,256,0,0.12,0.736,1.14,0.192386,0.44,1.842,3.884,0.748689,1000,0,0,0,0,0,0,1,allocator-measured,results/synthetic_experiments_A_F.csv
B_90_10_Mix__live_symbols=1000,controlled_synthetic,SymTabV4,192448,104192,5056,0,0.112,0.806,1.258,0.194707,0.425,1.796,4.909,0.715063,1000,0,0,0,0,0,0,1,allocator-measured,results/synthetic_experiments_A_F.csv
B_90_10_Mix__live_symbols=5000,controlled_synthetic,Conventional,972696,471952,0,0,0.106,0.171,0.204,0.13082,0.277,0.659,0.957,0.483124,0,0,0,0,0,0,0,1,allocator-measured,results/synthetic_experiments_A_F.csv
B_90_10_Mix__live_symbols=5000,controlled_synthetic,Interned,1448448,1127640,0,0,0.094,0.131,0.151,0.114003,0.244,0.554,0.988,0.341574,0,0,0,0,0,0,0,1,allocator-measured,results/synthetic_experiments_A_F.csv
B_90_10_Mix__live_symbols=5000,controlled_synthetic,Conventional-HeapString,1001072,472120,0,0,0.168,0.223,0.303,0.180521,0.276,0.558,0.815,0.347,0,0,0,0,0,0,0,1,allocator-measured,results/synthetic_experiments_A_F.csv
B_90_10_Mix__live_symbols=5000,controlled_synthetic,SymTabV3,1094008,546760,256,0,0.103,0.763,1.107,0.177145,0.366,1.324,1.914,0.542448,5000,0,0,0,0,0,0,1,allocator-measured,results/synthetic_experiments_A_F.csv
B_90_10_Mix__live_symbols=5000,controlled_synthetic,SymTabV4,1048608,567072,20416,0,0.093,0.738,1.125,0.166153,0.329,1.3,1.889,0.508407,5000,0,0,0,0,0,0,1,allocator-measured,results/synthetic_experiments_A_F.csv
B_90_10_Mix__live_symbols=10000,controlled_synthetic,Conventional,1946776,944560,0,0,0.098,0.13,0.151,0.102142,0.193,0.346,0.513,0.250575,0,0,0,0,0,0,0,1,allocator-measured,results/synthetic_experiments_A_F.csv
B_90_10_Mix__live_symbols=10000,controlled_synthetic,Interned,2898864,2256680,0,0,0.1,0.142,0.161,0.109205,0.291,0.558,0.875,0.41107,0,0,0,0,0,0,0,1,allocator-measured,results/synthetic_experiments_A_F.csv
B_90_10_Mix__live_symbols=10000,controlled_synthetic,Conventional-HeapString,2003088,944664,0,0,0.168,0.233,0.318,0.177912,0.306,0.779,1.101,0.416728,0,0,0,0,0,0,0,1,allocator-measured,results/synthetic_experiments_A_F.csv
B_90_10_Mix__live_symbols=10000,controlled_synthetic,SymTabV3,2187240,1094120,256,0,0.097,0.683,1.031,0.163639,0.39,1.249,1.874,0.652101,10000,0,0,0,0,0,0,1,allocator-measured,results/synthetic_experiments_A_F.csv
B_90_10_Mix__live_symbols=10000,controlled_synthetic,SymTabV4,2096896,1135104,40896,0,0.095,0.704,1.016,0.195695,0.418,1.356,1.966,0.765669,10000,0,0,0,0,0,0,1,allocator-measured,results/synthetic_experiments_A_F.csv
B_90_10_Mix__live_symbols=20000,controlled_synthetic,Conventional,2659984,1392080,0,0,0.098,0.13,0.154,0.104019,0.147,0.376,0.563,0.235009,0,0,0,0,0,0,0,1,allocator-measured,results/synthetic_experiments_A_F.csv
B_90_10_Mix__live_symbols=20000,controlled_synthetic,Interned,3738280,2929576,0,0,0.105,0.146,0.173,0.112795,0.221,0.578,0.899,0.385293,0,0,0,0,0,0,0,1,allocator-measured,results/synthetic_experiments_A_F.csv
B_90_10_Mix__live_symbols=20000,controlled_synthetic,Conventional-HeapString,2706656,1392120,0,0,0.149,0.207,0.246,0.157757,0.212,0.607,0.943,0.319886,0,0,0,0,0,0,0,1,allocator-measured,results/synthetic_experiments_A_F.csv
B_90_10_Mix__live_symbols=20000,controlled_synthetic,SymTabV3,2939168,1626984,256,0,0.096,0.692,1.026,0.162405,0.354,1.365,1.991,0.562432,11100,0,0,0,0,0,0,1,allocator-measured,results/synthetic_experiments_A_F.csv
B_90_10_Mix__live_symbols=20000,controlled_synthetic,SymTabV4,2890088,1708880,81856,0,0.1,0.784,1.146,0.179737,0.383,1.599,2.312,0.624512,11100,0,0,0,0,0,0,1,allocator-measured,results/synthetic_experiments_A_F.csv
B_90_10_Mix__live_symbols=50000,controlled_synthetic,Conventional,3854408,2221168,0,0,0.094,0.129,0.163,0.105732,0.104,0.39,0.612,0.189752,0,0,0,0,0,0,0,1,allocator-measured,results/synthetic_experiments_A_F.csv
B_90_10_Mix__live_symbols=50000,controlled_synthetic,Interned,5156064,4183576,0,0,0.102,0.139,0.159,0.109542,0.12,0.568,0.841,0.269805,0,0,0,0,0,0,0,1,allocator-measured,results/synthetic_experiments_A_F.csv
B_90_10_Mix__live_symbols=50000,controlled_synthetic,Conventional-HeapString,3850064,2221256,0,0,0.13,0.201,0.233,0.141509,0.136,0.698,1.129,0.261944,0,0,0,0,0,0,0,1,allocator-measured,results/synthetic_experiments_A_F.csv
B_90_10_Mix__live_symbols=50000,controlled_synthetic,SymTabV3,4386128,2464696,256,0,0.092,0.654,1.009,0.159191,0.324,1.462,2.185,0.533563,14400,0,0,0,0,0,0,1,allocator-measured,results/synthetic_experiments_A_F.csv
B_90_10_Mix__live_symbols=50000,controlled_synthetic,SymTabV4,4418952,2628448,163776,0,0.091,0.693,1.039,0.161672,0.322,1.533,2.245,0.537753,14400,0,0,0,0,0,0,1,allocator-measured,results/synthetic_experiments_A_F.csv
C_70_30_Mix__live_symbols=1000,controlled_synthetic,Conventional,202472,93536,0,0,0.095,0.125,0.173,0.099293,0.192,0.402,0.862,0.253539,0,0,0,0,0,0,0,1,allocator-measured,results/synthetic_experiments_A_F.csv
C_70_30_Mix__live_symbols=1000,controlled_synthetic,Interned,284336,219352,0,0,0.101,0.139,0.213,0.107425,0.306,0.701,2.079,0.402712,0,0,0,0,0,0,0,1,allocator-measured,results/synthetic_experiments_A_F.csv
C_70_30_Mix__live_symbols=1000,controlled_synthetic,Conventional-HeapString,203520,93464,0,0,0.151,0.238,0.368,0.157894,0.23,0.433,0.825,0.280751,0,0,0,0,0,0,0,1,allocator-measured,results/synthetic_experiments_A_F.csv
C_70_30_Mix__live_symbols=1000,controlled_synthetic,SymTabV3,217616,107624,256,0,0.101,0.758,1.019,0.249549,0.322,1.246,2.565,0.550834,1000,0,0,0,0,0,0,1,allocator-measured,results/synthetic_experiments_A_F.csv
C_70_30_Mix__live_symbols=1000,controlled_synthetic,SymTabV4,219560,117872,10176,0,0.095,0.772,1.056,0.243726,0.312,1.289,2.824,0.565893,1000,0,0,0,0,0,0,1,allocator-measured,results/synthetic_experiments_A_F.csv
C_70_30_Mix__live_symbols=5000,controlled_synthetic,Conventional,1052696,511984,0,0,0.083,0.103,0.125,0.0872168,0.144,0.257,0.475,0.175184,0,0,0,0,0,0,0,1,allocator-measured,results/synthetic_experiments_A_F.csv
C_70_30_Mix__live_symbols=5000,controlled_synthetic,Interned,1568432,1247656,0,0,0.099,0.14,0.172,0.10873,0.288,0.566,0.969,0.375705,0,0,0,0,0,0,0,1,allocator-measured,results/synthetic_experiments_A_F.csv
C_70_30_Mix__live_symbols=5000,controlled_synthetic,Conventional-HeapString,1056960,512008,0,0,0.164,0.217,0.324,0.179039,0.291,0.576,0.847,0.35108,0,0,0,0,0,0,0,1,allocator-measured,results/synthetic_experiments_A_F.csv
C_70_30_Mix__live_symbols=5000,controlled_synthetic,SymTabV3,1201704,588728,256,0,0.112,0.953,1.119,0.292954,0.451,1.487,2.014,0.791211,5000,0,0,0,0,0,0,1,allocator-measured,results/synthetic_experiments_A_F.csv
C_70_30_Mix__live_symbols=5000,controlled_synthetic,SymTabV4,1233800,670752,81856,0,0.115,1.024,1.2,0.311937,0.457,1.662,2.489,0.85256,5000,0,0,0,0,0,0,1,allocator-measured,results/synthetic_experiments_A_F.csv
C_70_30_Mix__live_symbols=10000,controlled_synthetic,Conventional,2106760,1024560,0,0,0.091,0.13,0.163,0.0969796,0.181,0.43,0.663,0.269958,0,0,0,0,0,0,0,1,allocator-measured,results/synthetic_experiments_A_F.csv
C_70_30_Mix__live_symbols=10000,controlled_synthetic,Interned,3138992,2496696,0,0,0.1,0.136,0.156,0.110529,0.302,0.666,0.944,0.415059,0,0,0,0,0,0,0,1,allocator-measured,results/synthetic_experiments_A_F.csv
C_70_30_Mix__live_symbols=10000,controlled_synthetic,Conventional-HeapString,2115024,1024616,0,0,0.16,0.221,0.305,0.170517,0.314,0.863,1.189,0.426039,0,0,0,0,0,0,0,1,allocator-measured,results/synthetic_experiments_A_F.csv
C_70_30_Mix__live_symbols=10000,controlled_synthetic,SymTabV3,2403744,1178296,256,0,0.119,0.973,1.158,0.297129,0.542,1.65,2.248,0.824194,10000,0,0,0,0,0,0,1,allocator-measured,results/synthetic_experiments_A_F.csv
C_70_30_Mix__live_symbols=10000,controlled_synthetic,SymTabV4,2468768,1342128,163776,0,0.104,1.019,1.236,0.296528,0.513,1.749,2.594,0.840887,10000,0,0,0,0,0,0,1,allocator-measured,results/synthetic_experiments_A_F.csv
C_70_30_Mix__live_symbols=20000,controlled_synthetic,Conventional,3251768,1675312,0,0,0.092,0.132,0.17,0.0982376,0.176,0.462,0.817,0.27414,0,0,0,0,0,0,0,1,allocator-measured,results/synthetic_experiments_A_F.csv
C_70_30_Mix__live_symbols=20000,controlled_synthetic,Interned,4566976,3656120,0,0,0.106,0.177,0.225,0.120737,0.337,0.842,1.275,0.565054,0,0,0,0,0,0,0,1,allocator-measured,results/synthetic_experiments_A_F.csv
C_70_30_Mix__live_symbols=20000,controlled_synthetic,Conventional-HeapString,3214496,1675352,0,0,0.159,0.223,0.301,0.171127,0.3,0.91,1.285,0.469529,0,0,0,0,0,0,0,1,allocator-measured,results/synthetic_experiments_A_F.csv
C_70_30_Mix__live_symbols=20000,controlled_synthetic,SymTabV3,3749096,1918728,256,0,0.108,0.942,1.153,0.285533,0.482,1.7,2.327,0.816236,13300,0,0,0,0,0,0,1,allocator-measured,results/synthetic_experiments_A_F.csv
C_70_30_Mix__live_symbols=20000,controlled_synthetic,SymTabV4,4057960,2246368,327616,0,0.108,1.018,1.205,0.304801,0.485,1.957,2.606,0.883274,13300,0,0,0,0,0,0,1,allocator-measured,results/synthetic_experiments_A_F.csv
C_70_30_Mix__live_symbols=50000,controlled_synthetic,Conventional,6262280,3284304,0,0,0.094,0.124,0.148,0.0981041,0.122,0.481,0.715,0.261927,0,0,0,0,0,0,0,1,allocator-measured,results/synthetic_experiments_A_F.csv
C_70_30_Mix__live_symbols=50000,controlled_synthetic,Interned,8935168,7299576,0,0,0.106,0.152,0.2,0.113669,0.174,0.798,1.191,0.478789,0,0,0,0,0,0,0,1,allocator-measured,results/synthetic_experiments_A_F.csv
C_70_30_Mix__live_symbols=50000,controlled_synthetic,Conventional-HeapString,6088400,3284392,0,0,0.143,0.222,0.284,0.163552,0.188,1.13,1.599,0.45859,0,0,0,0,0,0,0,1,allocator-measured,results/synthetic_experiments_A_F.csv
C_70_30_Mix__live_symbols=50000,controlled_synthetic,SymTabV3,8030432,3774824,256,0,0.104,0.92,1.466,0.286981,0.441,1.927,3.128,0.86643,23200,0,0,0,0,0,0,1,allocator-measured,results/synthetic_experiments_A_F.csv
C_70_30_Mix__live_symbols=50000,controlled_synthetic,SymTabV4,8423608,4430128,655296,0,0.11,1.063,2.39,0.355025,0.477,2.407,3.696,1.06026,23200,0,0,0,0,0,0,1,allocator-measured,results/synthetic_experiments_A_F.csv
D1_Identifier_Length__identifier_length=4,controlled_synthetic,Conventional,164832,131784,0,0,0.061,0.073,0.086,0.0622263,0.061,0.073,0.087,0.0636656,0,0,0,0,0,0,0,1,allocator-measured,results/synthetic_experiments_A_F.csv
D1_Identifier_Length__identifier_length=4,controlled_synthetic,Interned,164960,132008,0,0,0.076,0.1,1.52,0.104565,0.086,0.105,1.504,0.106637,0,0,0,0,0,0,0,1,allocator-measured,results/synthetic_experiments_A_F.csv
D1_Identifier_Length__identifier_length=4,controlled_synthetic,Conventional-HeapString,164856,131824,0,0,0.111,0.129,0.155,0.115327,0.112,0.131,0.158,0.120096,0,0,0,0,0,0,0,1,allocator-measured,results/synthetic_experiments_A_F.csv
D1_Identifier_Length__identifier_length=4,controlled_synthetic,SymTabV3,182552,132240,256,0,0.079,0.102,0.289,0.0927663,0.177,0.292,1.686,0.224355,1,0,0,0,0,0,0,1,allocator-measured,results/synthetic_experiments_A_F.csv
D1_Identifier_Length__identifier_length=4,controlled_synthetic,SymTabV4,182848,132568,256,0,0.072,0.102,0.38,0.0899045,0.168,0.305,1.823,0.225227,1,0,0,0,0,0,0,1,allocator-measured,results/synthetic_experiments_A_F.csv
D1_Identifier_Length__identifier_length=8,controlled_synthetic,Conventional,1042208,262672,0,0,0.093,0.125,0.227,0.107913,0.184,0.419,1.791,0.258879,0,0,0,0,0,0,0,1,allocator-measured,results/synthetic_experiments_A_F.csv
D1_Identifier_Length__identifier_length=8,controlled_synthetic,Interned,990824,467336,0,0,0.096,0.129,0.309,0.113728,0.172,0.351,1.754,0.236779,0,0,0,0,0,0,0,1,allocator-measured,results/synthetic_experiments_A_F.csv
D1_Identifier_Length__identifier_length=8,controlled_synthetic,Conventional-HeapString,1106632,262616,0,0,0.154,0.218,1.706,0.185929,0.24,0.426,2.012,0.326656,0,0,0,0,0,0,0,1,allocator-measured,results/synthetic_experiments_A_F.csv
D1_Identifier_Length__identifier_length=8,controlled_synthetic,SymTabV3,920192,314616,256,0,0.085,0.136,0.181,0.0954904,0.201,0.408,0.727,0.275233,2000,0,0,0,0,0,0,1,allocator-measured,results/synthetic_experiments_A_F.csv
D1_Identifier_Length__identifier_length=8,controlled_synthetic,SymTabV4,854728,314880,256,0,0.088,0.136,0.175,0.0959519,0.21,0.409,0.688,0.285638,2000,0,0,0,0,0,0,1,allocator-measured,results/synthetic_experiments_A_F.csv
D1_Identifier_Length__identifier_length=12,controlled_synthetic,Conventional,1041968,262576,0,0,0.104,0.133,0.149,0.110086,0.215,0.362,0.647,0.255749,0,0,0,0,0,0,0,1,allocator-measured,results/synthetic_experiments_A_F.csv
D1_Identifier_Length__identifier_length=12,controlled_synthetic,Interned,990680,467208,0,0,0.115,0.157,0.208,0.126587,0.268,0.469,1.056,0.322377,0,0,0,0,0,0,0,1,allocator-measured,results/synthetic_experiments_A_F.csv
D1_Identifier_Length__identifier_length=12,controlled_synthetic,Conventional-HeapString,1106520,262584,0,0,0.165,0.237,1.648,0.199363,0.265,0.683,1.959,0.905229,0,0,0,0,0,0,0,1,allocator-measured,results/synthetic_experiments_A_F.csv
D1_Identifier_Length__identifier_length=12,controlled_synthetic,SymTabV3,1124792,415384,256,0,0.113,0.163,0.214,0.125331,0.355,0.739,1.879,0.744403,2000,0,0,0,0,0,0,1,allocator-measured,results/synthetic_experiments_A_F.csv
D1_Identifier_Length__identifier_length=12,controlled_synthetic,SymTabV4,1059472,415680,256,0,0.137,0.247,0.376,0.155894,0.578,1.237,2.593,0.872438,2000,0,0,0,0,0,0,1,allocator-measured,results/synthetic_experiments_A_F.csv
D1_Identifier_Length__identifier_length=16,controlled_synthetic,Conventional,1282400,310720,0,0,0.09,0.123,0.15,0.109029,0.217,0.375,1.204,0.26597,0,0,0,0,0,0,0,1,allocator-measured,results/synthetic_experiments_A_F.csv
D1_Identifier_Length__identifier_length=16,controlled_synthetic,Interned,1134968,611560,0,0,0.096,0.124,0.154,0.10442,0.157,0.44,1.514,0.24223,0,0,0,0,0,0,0,1,allocator-measured,results/synthetic_experiments_A_F.csv
D1_Identifier_Length__identifier_length=16,controlled_synthetic,Conventional-HeapString,1154664,310728,0,0,0.155,0.21,0.524,0.174497,0.247,0.421,1.708,0.297287,0,0,0,0,0,0,0,1,allocator-measured,results/synthetic_experiments_A_F.csv
D1_Identifier_Length__identifier_length=16,controlled_synthetic,SymTabV3,1361880,466232,256,0,0.122,0.844,1.047,0.260628,0.473,1.269,2.505,0.637579,2000,0,0,0,0,0,0,1,allocator-measured,results/synthetic_experiments_A_F.csv
D1_Identifier_Length__identifier_length=16,controlled_synthetic,SymTabV4,1378368,548208,81856,0,0.118,0.684,0.851,0.22363,0.401,1.004,1.676,0.546649,2000,0,0,0,0,0,0,1,allocator-measured,results/synthetic_experiments_A_F.csv
D1_Identifier_Length__identifier_length=20,controlled_synthetic,Conventional,1282496,310784,0,0,0.107,0.134,0.151,0.115818,0.263,0.447,0.673,0.306105,0,0,0,0,0,0,0,1,allocator-measured,results/synthetic_experiments_A_F.csv
D1_Identifier_Length__identifier_length=20,controlled_synthetic,Interned,1135160,611624,0,0,0.118,0.152,0.162,0.122441,0.254,0.485,0.899,0.337321,0,0,0,0,0,0,0,1,allocator-measured,results/synthetic_experiments_A_F.csv
D1_Identifier_Length__identifier_length=20,controlled_synthetic,Conventional-HeapString,1154792,310760,0,0,0.189,0.221,0.285,0.191569,0.29,0.467,0.658,0.328786,0,0,0,0,0,0,0,1,allocator-measured,results/synthetic_experiments_A_F.csv
D1_Identifier_Length__identifier_length=20,controlled_synthetic,SymTabV3,1362408,466232,256,0,0.133,0.838,1.03,0.26217,0.514,1.271,1.906,0.671326,2000,0,0,0,0,0,0,1,allocator-measured,results/synthetic_experiments_A_F.csv
D1_Identifier_Length__identifier_length=20,controlled_synthetic,SymTabV4,1378784,548160,81856,0,0.138,0.791,1.09,0.267607,0.537,1.264,2.323,0.698554,2000,0,0,0,0,0,0,1,allocator-measured,results/synthetic_experiments_A_F.csv
D1_Identifier_Length__identifier_length=24,controlled_synthetic,Conventional,1442368,342688,0,0,0.099,0.128,0.149,0.10392,0.255,0.416,0.736,0.302634,0,0,0,0,0,0,0,1,allocator-measured,results/synthetic_experiments_A_F.csv
D1_Identifier_Length__identifier_length=24,controlled_synthetic,Interned,1230744,707336,0,0,0.112,0.147,0.174,0.130463,0.265,0.485,0.984,0.330576,0,0,0,0,0,0,0,1,allocator-measured,results/synthetic_experiments_A_F.csv
D1_Identifier_Length__identifier_length=24,controlled_synthetic,Conventional-HeapString,1314232,342568,0,0,0.199,0.226,0.355,0.208407,0.333,0.51,0.823,0.373712,0,0,0,0,0,0,0,1,allocator-measured,results/synthetic_experiments_A_F.csv
D1_Identifier_Length__identifier_length=24,controlled_synthetic,SymTabV3,1499640,498200,256,0,0.155,0.902,1.26,0.298002,0.622,1.618,3.087,0.847109,2000,0,0,0,0,0,0,1,allocator-measured,results/synthetic_experiments_A_F.csv
D1_Identifier_Length__identifier_length=24,controlled_synthetic,SymTabV4,1516064,580080,81856,0,0.157,0.75,1.049,0.269537,0.585,1.346,2.476,0.775876,2000,0,0,0,0,0,0,1,allocator-measured,results/synthetic_experiments_A_F.csv
D1_Identifier_Length__identifier_length=32,controlled_synthetic,Conventional,1442144,342624,0,0,0.096,0.148,0.186,0.107658,0.238,0.625,1.72,0.345774,0,0,0,0,0,0,0,1,allocator-measured,results/synthetic_experiments_A_F.csv
D1_Identifier_Length__identifier_length=32,controlled_synthetic,Interned,1230904,707384,0,0,0.101,0.121,0.153,0.109407,0.183,0.408,0.868,0.245149,0,0,0,0,0,0,0,1,allocator-measured,results/synthetic_experiments_A_F.csv
D1_Identifier_Length__identifier_length=32,controlled_synthetic,Conventional-HeapString,1314280,342632,0,0,0.186,0.24,0.456,0.203613,0.308,0.483,1.605,0.344664,0,0,0,0,0,0,0,1,allocator-measured,results/synthetic_experiments_A_F.csv
D1_Identifier_Length__identifier_length=32,controlled_synthetic,SymTabV3,1527480,498216,256,0,0.169,0.851,1.125,0.296413,0.54,1.285,2.35,0.721111,2000,0,0,0,0,0,0,1,allocator-measured,results/synthetic_experiments_A_F.csv
D1_Identifier_Length__identifier_length=32,controlled_synthetic,SymTabV4,1543840,580096,81856,0,0.146,0.809,1.214,0.286412,0.435,1.236,2.414,0.624373,2000,0,0,0,0,0,0,1,allocator-measured,results/synthetic_experiments_A_F.csv
D1_Identifier_Length__identifier_length=48,controlled_synthetic,Conventional,1602080,374592,0,0,0.135,0.164,0.234,0.140601,0.29,0.503,2.213,0.349449,0,0,0,0,0,0,0,1,allocator-measured,results/synthetic_experiments_A_F.csv
D1_Identifier_Length__identifier_length=48,controlled_synthetic,Interned,1326712,803320,0,0,0.177,0.215,0.281,0.18955,0.343,0.747,3.172,0.447453,0,0,0,0,0,0,0,1,allocator-measured,results/synthetic_experiments_A_F.csv
D1_Identifier_Length__identifier_length=48,controlled_synthetic,Conventional-HeapString,1474088,374600,0,0,0.259,0.326,0.532,0.271285,0.431,0.668,1.968,0.47303,0,0,0,0,0,0,0,1,allocator-measured,results/synthetic_experiments_A_F.csv
D1_Identifier_Length__identifier_length=48,controlled_synthetic,SymTabV3,1655672,530120,256,0,0.198,0.867,1.114,0.323613,0.684,1.335,2.25,0.809392,2000,0,0,0,0,0,0,1,allocator-measured,results/synthetic_experiments_A_F.csv
D1_Identifier_Length__identifier_length=48,controlled_synthetic,SymTabV4,1672256,612096,81856,0,0.178,0.743,1.003,0.289509,0.496,1.138,2.31,0.652384,2000,0,0,0,0,0,0,1,allocator-measured,results/synthetic_experiments_A_F.csv
D1_Identifier_Length__identifier_length=64,controlled_synthetic,Conventional,1761952,406512,0,0,0.087,0.106,0.127,0.0957553,0.196,0.359,0.723,0.229241,0,0,0,0,0,0,0,1,allocator-measured,results/synthetic_experiments_A_F.csv
D1_Identifier_Length__identifier_length=64,controlled_synthetic,Interned,1422792,899336,0,0,0.101,0.116,0.126,0.10478,0.167,0.349,0.675,0.225993,0,0,0,0,0,0,0,1,allocator-measured,results/synthetic_experiments_A_F.csv
D1_Identifier_Length__identifier_length=64,controlled_synthetic,Conventional-HeapString,1634136,406568,0,0,0.402,0.428,0.66,0.403766,0.758,1.021,2.181,0.804154,0,0,0,0,0,0,0,1,allocator-measured,results/synthetic_experiments_A_F.csv
D1_Identifier_Length__identifier_length=64,controlled_synthetic,SymTabV3,1783784,562120,256,0,0.223,0.766,1.061,0.336338,0.588,1.254,2.262,0.740423,2000,0,0,0,0,0,0,1,allocator-measured,results/synthetic_experiments_A_F.csv
D1_Identifier_Length__identifier_length=64,controlled_synthetic,SymTabV4,1800096,644032,81856,0,0.207,0.763,1.08,0.320667,0.567,1.166,2.317,0.712327,2000,0,0,0,0,0,0,1,allocator-measured,results/synthetic_experiments_A_F.csv
D2_Live_Duplication__live_duplication_k=1,controlled_synthetic,Conventional,518968,243984,0,0,0.073,0.077,0.09,0.0733355,0.131,0.227,0.438,0.164037,0,0,0,0,0,0,0,1,allocator-measured,results/synthetic_experiments_A_F.csv
D2_Live_Duplication__live_duplication_k=1,controlled_synthetic,Interned,739568,608744,0,0,0.083,0.087,0.105,0.085126,0.219,0.436,1.443,0.285228,0,0,0,0,0,0,0,1,allocator-measured,results/synthetic_experiments_A_F.csv
D2_Live_Duplication__live_duplication_k=1,controlled_synthetic,Conventional-HeapString,487056,244008,0,0,0.156,0.198,0.336,0.169774,0.265,0.409,0.561,0.294285,0,0,0,0,0,0,0,1,allocator-measured,results/synthetic_experiments_A_F.csv
D2_Live_Duplication__live_duplication_k=1,controlled_synthetic,SymTabV3,613512,274104,256,0,0.545,1.039,1.939,0.616842,0.795,1.585,2.325,0.951622,2000,0,0,0,0,0,0,1,allocator-measured,results/synthetic_experiments_A_F.csv
D2_Live_Duplication__live_duplication_k=1,controlled_synthetic,SymTabV4,679056,356064,81856,0,0.547,1.064,2.22,0.624662,0.814,1.552,3.24,1.03197,2000,0,0,0,0,0,0,1,allocator-measured,results/synthetic_experiments_A_F.csv
D2_Live_Duplication__live_duplication_k=2,controlled_synthetic,Conventional,826992,276960,0,0,0.072,0.087,0.098,0.073605,0.144,0.261,0.386,0.179528,0,0,0,0,0,0,0,1,allocator-measured,results/synthetic_experiments_A_F.csv
D2_Live_Duplication__live_duplication_k=2,controlled_synthetic,Interned,903368,641672,0,0,0.084,0.114,0.133,0.0912223,0.207,0.373,1.362,0.23541,0,0,0,0,0,0,0,1,allocator-measured,results/synthetic_experiments_A_F.csv
D2_Live_Duplication__live_duplication_k=2,controlled_synthetic,Conventional-HeapString,762648,276840,0,0,0.231,0.286,0.465,0.251356,0.381,0.577,1.496,0.428254,0,0,0,0,0,0,0,1,allocator-measured,results/synthetic_experiments_A_F.csv
D2_Live_Duplication__live_duplication_k=2,controlled_synthetic,SymTabV3,1150408,416008,256,0,0.236,0.823,1.116,0.361076,0.685,1.237,2.807,0.816313,2000,0,0,0,0,0,0,1,allocator-measured,results/synthetic_experiments_A_F.csv
D2_Live_Duplication__live_duplication_k=2,controlled_synthetic,SymTabV4,1199616,497968,81856,0,0.229,0.801,1.33,0.352422,0.596,1.25,2.693,0.766357,2000,0,0,0,0,0,0,1,allocator-measured,results/synthetic_experiments_A_F.csv
D2_Live_Duplication__live_duplication_k=3,controlled_synthetic,Conventional,1167112,342464,0,0,0.083,0.094,0.117,0.0893738,0.218,0.37,1.179,0.263268,0,0,0,0,0,0,0,1,allocator-measured,results/synthetic_experiments_A_F.csv
D2_Live_Duplication__live_duplication_k=3,controlled_synthetic,Interned,1099824,707208,0,0,0.089,0.106,0.134,0.0949753,0.212,0.403,1.024,0.277988,0,0,0,0,0,0,0,1,allocator-measured,results/synthetic_experiments_A_F.csv
D2_Live_Duplication__live_duplication_k=3,controlled_synthetic,Conventional-HeapString,1071184,342408,0,0,0.146,0.176,0.228,0.154591,0.24,0.349,0.562,0.261245,0,0,0,0,0,0,0,1,allocator-measured,results/synthetic_experiments_A_F.csv
D2_Live_Duplication__live_duplication_k=3,controlled_synthetic,SymTabV3,1453512,497944,256,0,0.15,0.641,0.852,0.256452,0.455,0.925,1.888,0.560882,2000,0,0,0,0,0,0,1,allocator-measured,results/synthetic_experiments_A_F.csv
D2_Live_Duplication__live_duplication_k=3,controlled_synthetic,SymTabV4,1469856,579888,81856,0,0.128,1.026,1.34,0.332509,0.421,1.459,2.868,0.679396,2000,0,0,0,0,0,0,1,allocator-measured,results/synthetic_experiments_A_F.csv
D2_Live_Duplication__live_duplication_k=4,controlled_synthetic,Conventional,1442320,342752,0,0,0.069,0.089,0.106,0.0775173,0.157,0.259,1.195,0.18798,0,0,0,0,0,0,0,1,allocator-measured,results/synthetic_experiments_A_F.csv
D2_Live_Duplication__live_duplication_k=4,controlled_synthetic,Interned,1230872,707416,0,0,0.08,0.092,0.112,0.0857297,0.133,0.325,0.739,0.186607,0,0,0,0,0,0,0,1,allocator-measured,results/synthetic_experiments_A_F.csv
D2_Live_Duplication__live_duplication_k=4,controlled_synthetic,Conventional-HeapString,1314264,342632,0,0,0.145,0.184,0.261,0.155898,0.239,0.357,0.568,0.259131,0,0,0,0,0,0,0,1,allocator-measured,results/synthetic_experiments_A_F.csv
D2_Live_Duplication__live_duplication_k=4,controlled_synthetic,SymTabV3,1527544,498216,256,0,0.127,0.575,0.771,0.217089,0.374,0.825,1.69,0.478691,2000,0,0,0,0,0,0,1,allocator-measured,results/synthetic_experiments_A_F.csv
D2_Live_Duplication__live_duplication_k=4,controlled_synthetic,SymTabV4,1543776,580048,81856,0,0.116,0.566,0.733,0.209011,0.344,0.843,1.695,0.469335,2000,0,0,0,0,0,0,1,allocator-measured,results/synthetic_experiments_A_F.csv
D2_Live_Duplication__live_duplication_k=5,controlled_synthetic,Conventional,1848200,473728,0,0,0.153,0.192,0.269,0.190836,0.382,0.744,1.504,0.49234,0,0,0,0,0,0,0,1,allocator-measured,results/synthetic_experiments_A_F.csv
D2_Live_Duplication__live_duplication_k=5,controlled_synthetic,Interned,1492736,838440,0,0,0.148,0.189,0.239,0.818743,0.372,0.766,1.909,0.963519,0,0,0,0,0,0,0,1,allocator-measured,results/synthetic_experiments_A_F.csv
D2_Live_Duplication__live_duplication_k=5,controlled_synthetic,Conventional-HeapString,1688208,473688,0,0,0.134,0.173,0.264,0.141282,0.221,0.416,0.753,0.350088,0,0,0,0,0,0,0,1,allocator-measured,results/synthetic_experiments_A_F.csv
D2_Live_Duplication__live_duplication_k=5,controlled_synthetic,SymTabV3,2028216,662008,256,0,0.107,0.605,0.778,0.190289,0.311,0.904,1.591,0.460908,2000,0,0,0,0,0,0,1,allocator-measured,results/synthetic_experiments_A_F.csv
D2_Live_Duplication__live_duplication_k=5,controlled_synthetic,SymTabV4,1945312,743984,81856,0,0.114,0.48,0.6,0.176184,0.391,0.763,1.541,0.487597,2000,0,0,0,0,0,0,1,allocator-measured,results/synthetic_experiments_A_F.csv
D2_Live_Duplication__live_duplication_k=6,controlled_synthetic,Conventional,2123104,473696,0,0,0.057,0.067,0.08,0.0589732,0.131,0.212,0.34,0.146122,0,0,0,0,0,0,0,1,allocator-measured,results/synthetic_experiments_A_F.csv
D2_Live_Duplication__live_duplication_k=6,controlled_synthetic,Interned,1623832,838584,0,0,0.066,0.087,0.104,0.0738422,0.108,0.285,0.585,0.154463,0,0,0,0,0,0,0,1,allocator-measured,results/synthetic_experiments_A_F.csv
D2_Live_Duplication__live_duplication_k=6,controlled_synthetic,Conventional-HeapString,1931096,473688,0,0,0.125,0.165,0.211,0.139541,0.21,0.335,0.508,0.235566,0,0,0,0,0,0,0,1,allocator-measured,results/synthetic_experiments_A_F.csv
D2_Live_Duplication__live_duplication_k=6,controlled_synthetic,SymTabV3,2068152,662024,256,0,0.102,0.44,0.535,0.149341,0.267,0.631,1.194,0.345414,2000,0,0,0,0,0,0,1,allocator-measured,results/synthetic_experiments_A_F.csv
D2_Live_Duplication__live_duplication_k=6,controlled_synthetic,SymTabV4,2018992,744000,81856,0,0.105,0.481,0.601,0.161049,0.28,0.711,1.266,0.377256,2000,0,0,0,0,0,0,1,allocator-measured,results/synthetic_experiments_A_F.csv
D2_Live_Duplication__live_duplication_k=8,controlled_synthetic,Conventional,2673264,474208,0,0,0.061,0.078,0.094,0.0664264,0.148,0.277,0.571,0.194456,0,0,0,0,0,0,0,1,allocator-measured,results/synthetic_experiments_A_F.csv
D2_Live_Duplication__live_duplication_k=8,controlled_synthetic,Interned,1885832,838920,0,0,0.069,0.082,0.096,0.0731649,0.11,0.194,0.413,0.138927,0,0,0,0,0,0,0,1,allocator-measured,results/synthetic_experiments_A_F.csv
D2_Live_Duplication__live_duplication_k=8,controlled_synthetic,Conventional-HeapString,2417256,474152,0,0,0.127,0.206,0.229,0.143384,0.212,0.396,0.745,0.256512,0,0,0,0,0,0,0,1,allocator-measured,results/synthetic_experiments_A_F.csv
D2_Live_Duplication__live_duplication_k=8,controlled_synthetic,SymTabV3,2216152,662520,256,0,0.106,0.431,0.601,0.148607,0.268,0.688,1.688,0.377905,2000,0,0,0,0,0,0,1,allocator-measured,results/synthetic_experiments_A_F.csv
D2_Live_Duplication__live_duplication_k=8,controlled_synthetic,SymTabV4,2167040,744512,81856,0,0.117,0.465,0.669,0.163135,0.348,0.784,1.457,0.457952,2000,0,0,0,0,0,0,1,allocator-measured,results/synthetic_experiments_A_F.csv
D2_Live_Duplication__live_duplication_k=10,controlled_synthetic,Conventional,3485200,736384,0,0,0.069,0.084,0.103,0.0717911,0.178,0.337,0.633,0.214642,0,0,0,0,0,0,0,1,allocator-measured,results/synthetic_experiments_A_F.csv
D2_Live_Duplication__live_duplication_k=10,controlled_synthetic,Interned,2409720,1100984,0,0,0.078,0.094,0.113,0.0812833,0.161,0.276,0.523,0.181997,0,0,0,0,0,0,0,1,allocator-measured,results/synthetic_experiments_A_F.csv
D2_Live_Duplication__live_duplication_k=10,controlled_synthetic,Conventional-HeapString,3165096,736280,0,0,0.133,0.148,0.177,0.136447,0.213,0.31,0.402,0.21895,0,0,0,0,0,0,0,1,allocator-measured,results/synthetic_experiments_A_F.csv
D2_Live_Duplication__live_duplication_k=10,controlled_synthetic,SymTabV3,3250360,990232,256,0,0.181,0.538,0.799,0.219685,0.487,0.934,1.807,0.582937,2000,0,0,0,0,0,0,1,allocator-measured,results/synthetic_experiments_A_F.csv
D2_Live_Duplication__live_duplication_k=10,controlled_synthetic,SymTabV4,2969904,1072176,81856,0,0.114,0.629,0.901,0.174241,0.274,0.996,1.495,0.406379,2000,0,0,0,0,0,0,1,allocator-measured,results/synthetic_experiments_A_F.csv
D2_Live_Duplication__live_duplication_k=15,controlled_synthetic,Conventional,4859528,736368,0,0,0.075,0.095,0.122,0.0903071,0.192,0.42,1.563,0.265956,0,0,0,0,0,0,0,1,allocator-measured,results/synthetic_experiments_A_F.csv
D2_Live_Duplication__live_duplication_k=15,controlled_synthetic,Interned,3064112,1101064,0,0,0.083,0.1,0.119,0.08752,0.156,0.272,0.502,0.18423,0,0,0,0,0,0,0,1,allocator-measured,results/synthetic_experiments_A_F.csv
D2_Live_Duplication__live_duplication_k=15,controlled_synthetic,Conventional-HeapString,4379504,736312,0,0,0.146,0.185,0.236,0.158697,0.241,0.377,0.716,0.265512,0,0,0,0,0,0,0,1,allocator-measured,results/synthetic_experiments_A_F.csv
D2_Live_Duplication__live_duplication_k=15,controlled_synthetic,SymTabV3,3518856,990216,256,0,0.141,0.46,0.811,0.17909,0.386,0.898,2.02,0.577294,2000,0,0,0,0,0,0,1,allocator-measured,results/synthetic_experiments_A_F.csv
D2_Live_Duplication__live_duplication_k=15,controlled_synthetic,SymTabV4,3338560,1072208,81856,0,0.141,0.413,0.721,0.176796,0.394,0.837,1.757,0.506825,2000,0,0,0,0,0,0,1,allocator-measured,results/synthetic_experiments_A_F.csv
D2_Live_Duplication__live_duplication_k=20,controlled_synthetic,Conventional,6758928,1261472,0,0,0.091,0.116,0.132,0.0989267,0.237,0.469,1.064,0.295319,0,0,0,0,0,0,0,1,allocator-measured,results/synthetic_experiments_A_F.csv
D2_Live_Duplication__live_duplication_k=20,controlled_synthetic,Interned,4243640,1626184,0,0,0.089,0.107,0.126,0.0967412,0.143,0.293,0.585,0.18515,0,0,0,0,0,0,0,1,allocator-measured,results/synthetic_experiments_A_F.csv
D2_Live_Duplication__live_duplication_k=20,controlled_synthetic,Conventional-HeapString,6119128,1261464,0,0,0.156,0.193,0.246,0.171857,0.257,0.396,0.627,0.282771,0,0,0,0,0,0,0,1,allocator-measured,results/synthetic_experiments_A_F.csv
D2_Live_Duplication__live_duplication_k=20,controlled_synthetic,SymTabV3,5694840,1646648,256,0,0.138,0.312,0.73,0.166925,0.364,0.781,1.77,0.494793,2000,0,0,0,0,0,0,1,allocator-measured,results/synthetic_experiments_A_F.csv
D2_Live_Duplication__live_duplication_k=20,controlled_synthetic,SymTabV4,5018960,1728496,81856,0,0.135,0.393,0.924,0.172605,0.327,0.895,1.66,0.43694,2000,0,0,0,0,0,0,1,allocator-measured,results/synthetic_experiments_A_F.csv
E_Scope_Churn__num_scopes=10,controlled_synthetic,Conventional,204816,191000,50500,0,0.095,0.142,0.207,0.100241,0.28,0.669,1.819,0.361296,0,0,0,0,0,0,0,1,allocator-measured,results/synthetic_experiments_A_F.csv
E_Scope_Churn__num_scopes=10,controlled_synthetic,Interned,343416,336800,48500,0,0.097,0.128,0.174,0.11361,0.322,0.929,2.122,0.422345,0,0,0,0,0,0,0,1,allocator-measured,results/synthetic_experiments_A_F.csv
E_Scope_Churn__num_scopes=10,controlled_synthetic,Conventional-HeapString,197336,184832,42500,0,0.179,0.251,0.394,0.198881,0.309,0.609,1.655,0.361146,0,0,0,0,0,0,0,1,allocator-measured,results/synthetic_experiments_A_F.csv
E_Scope_Churn__num_scopes=10,controlled_synthetic,SymTabV3,265288,252352,120161,0,0.527,0.886,1.684,0.558357,0.776,1.728,3.034,0.881167,500,0,500,0,0,0,0,1,allocator-measured,results/synthetic_experiments_A_F.csv
E_Scope_Churn__num_scopes=10,controlled_synthetic,SymTabV4,277664,264712,136321,0,0.566,0.882,1.103,0.580211,0.836,1.819,3.606,0.978932,500,0,500,0,0,0,0,1,allocator-measured,results/synthetic_experiments_A_F.csv
E_Scope_Churn__num_scopes=20,controlled_synthetic,Conventional,396888,383072,101000,0,0.083,0.119,0.155,0.0867765,0.205,0.554,1.514,0.26693,0,0,0,0,0,0,0,1,allocator-measured,results/synthetic_experiments_A_F.csv
E_Scope_Churn__num_scopes=20,controlled_synthetic,Interned,683472,676856,97000,0,0.096,0.111,0.135,0.10132,0.351,0.783,1.917,0.441582,0,0,0,0,0,0,0,1,allocator-measured,results/synthetic_experiments_A_F.csv
E_Scope_Churn__num_scopes=20,controlled_synthetic,Conventional-HeapString,385264,372600,85000,0,0.199,0.265,0.399,0.210253,0.341,0.608,1.644,0.381196,0,0,0,0,0,0,0,1,allocator-measured,results/synthetic_experiments_A_F.csv
E_Scope_Churn__num_scopes=20,controlled_synthetic,SymTabV3,523056,495872,239411,0,0.511,0.771,1.19,0.531926,0.741,1.482,2.905,0.830828,1000,0,1000,0,0,0,0,1,allocator-measured,results/synthetic_experiments_A_F.csv
E_Scope_Churn__num_scopes=20,controlled_synthetic,SymTabV4,539672,520680,272051,0,0.654,1.093,1.823,0.695067,0.998,2.05,4.036,1.14794,1000,0,1000,0,0,0,0,1,allocator-measured,results/synthetic_experiments_A_F.csv
E_Scope_Churn__num_scopes=50,controlled_synthetic,Conventional,1013632,999816,252500,0,0.099,0.13,0.19,0.0985146,0.27,0.586,1.228,0.322198,0,0,0,0,0,0,0,1,allocator-measured,results/synthetic_experiments_A_F.csv
E_Scope_Churn__num_scopes=50,controlled_synthetic,Interned,1842152,1835536,242500,0,0.092,0.118,0.139,0.0978114,0.267,0.587,1.126,0.354352,0,0,0,0,0,0,0,1,allocator-measured,results/synthetic_experiments_A_F.csv
E_Scope_Churn__num_scopes=50,controlled_synthetic,Conventional-HeapString,982152,969936,212500,0,0.21,0.271,0.464,0.228254,0.364,0.677,1.757,0.411197,0,0,0,0,0,0,0,1,allocator-measured,results/synthetic_experiments_A_F.csv
E_Scope_Churn__num_scopes=50,controlled_synthetic,SymTabV3,1277944,1265008,597161,0,0.566,0.98,1.888,0.606474,0.869,1.858,3.155,1.02993,2500,0,2500,0,0,0,0,1,allocator-measured,results/synthetic_experiments_A_F.csv
E_Scope_Churn__num_scopes=50,controlled_synthetic,SymTabV4,1327408,1314472,658761,0,0.597,1.004,1.907,0.644911,0.936,1.968,3.397,1.09955,2500,0,2500,0,0,0,0,1,allocator-measured,results/synthetic_experiments_A_F.csv
E_Scope_Churn__num_scopes=100,controlled_synthetic,Conventional,2014728,2000912,505000,0,0.096,0.132,0.216,0.115289,0.262,0.655,1.581,0.982482,0,0,0,0,0,0,0,1,allocator-measured,results/synthetic_experiments_A_F.csv
E_Scope_Churn__num_scopes=100,controlled_synthetic,Interned,3680976,3674360,485000,0,0.101,0.12,0.152,0.114471,0.446,1.218,2.727,0.684598,0,0,0,0,0,0,0,1,allocator-measured,results/synthetic_experiments_A_F.csv
E_Scope_Churn__num_scopes=100,controlled_synthetic,Conventional-HeapString,1961568,1949352,425000,0,0.206,0.253,0.54,0.221536,0.346,0.59,1.784,0.3933,0,0,0,0,0,0,0,1,allocator-measured,results/synthetic_experiments_A_F.csv
E_Scope_Churn__num_scopes=100,controlled_synthetic,SymTabV3,2579840,2530672,1193411,0,0.593,1.048,2.117,0.642611,0.979,2.169,3.556,1.19592,5000,0,5000,0,0,0,0,1,allocator-measured,results/synthetic_experiments_A_F.csv
E_Scope_Churn__num_scopes=100,controlled_synthetic,SymTabV4,2678504,2629336,1316931,0,0.67,1.169,2.435,0.889463,1.143,2.656,4.539,1.54848,5000,0,5000,0,0,0,0,1,allocator-measured,results/synthetic_experiments_A_F.csv
F_Hot_Cold_Skew__total_lookups=5000,controlled_synthetic,Conventional,520912,253200,0,0,0.127,0.229,0.334,0.302856,0.191,0.405,0.756,0.244468,0,0,0,0,0,0,0,1,allocator-measured,results/synthetic_experiments_A_F.csv
F_Hot_Cold_Skew__total_lookups=5000,controlled_synthetic,Interned,701688,537864,0,0,0.153,0.286,0.435,0.176053,0.326,0.773,2.071,0.432439,0,0,0,0,0,0,0,1,allocator-measured,results/synthetic_experiments_A_F.csv
F_Hot_Cold_Skew__total_lookups=5000,controlled_synthetic,Conventional-HeapString,512880,253000,0,0,0.18,0.28,0.409,0.193433,0.261,0.481,1.304,0.304297,0,0,0,0,0,0,0,1,allocator-measured,results/synthetic_experiments_A_F.csv
F_Hot_Cold_Skew__total_lookups=5000,controlled_synthetic,SymTabV3,610632,306952,256,0,0.167,1.068,1.978,0.486857,0.438,1.162,2.203,0.600868,2000,0,0,0,0,302,0,1,allocator-measured,results/synthetic_experiments_A_F.csv
F_Hot_Cold_Skew__total_lookups=5000,controlled_synthetic,SymTabV4,635776,347936,40896,0,0.19,1.388,2.407,0.386582,0.669,2.057,4.527,0.940412,2000,0,0,0,0,302,0,1,allocator-measured,results/synthetic_experiments_A_F.csv
F_Hot_Cold_Skew__total_lookups=20000,controlled_synthetic,Conventional,815728,449760,0,0,0.107,0.138,0.167,0.110098,0.14,0.307,0.617,0.178881,0,0,0,0,0,0,0,1,allocator-measured,results/synthetic_experiments_A_F.csv
F_Hot_Cold_Skew__total_lookups=20000,controlled_synthetic,Interned,996600,734440,0,0,0.153,0.245,0.372,0.170993,0.335,0.595,1.283,0.405937,0,0,0,0,0,0,0,1,allocator-measured,results/synthetic_experiments_A_F.csv
F_Hot_Cold_Skew__total_lookups=20000,controlled_synthetic,Conventional-HeapString,807792,449640,0,0,0.175,0.272,0.372,0.185634,0.231,0.489,0.81,0.298252,0,0,0,0,0,0,0,1,allocator-measured,results/synthetic_experiments_A_F.csv
F_Hot_Cold_Skew__total_lookups=20000,controlled_synthetic,SymTabV3,984816,528712,256,0,0.232,1.126,1.724,0.318594,0.708,1.622,3.228,0.924108,2000,0,0,0,0,756,0,1,allocator-measured,results/synthetic_experiments_A_F.csv
F_Hot_Cold_Skew__total_lookups=20000,controlled_synthetic,SymTabV4,1009624,569648,40896,0,0.143,0.643,1.01,0.210271,0.533,1.533,3.23,0.745445,2000,0,0,0,0,756,0,1,allocator-measured,results/synthetic_experiments_A_F.csv
F_Hot_Cold_Skew__total_lookups=50000,controlled_synthetic,Conventional,1208880,711856,0,0,0.102,0.14,0.169,0.106667,0.129,0.271,0.498,0.161788,0,0,0,0,0,0,0,1,allocator-measured,results/synthetic_experiments_A_F.csv
F_Hot_Cold_Skew__total_lookups=50000,controlled_synthetic,Interned,1389848,996648,0,0,0.118,0.167,0.242,0.126834,0.208,0.5,1.087,0.268523,0,0,0,0,0,0,0,1,allocator-measured,results/synthetic_experiments_A_F.csv
F_Hot_Cold_Skew__total_lookups=50000,controlled_synthetic,Conventional-HeapString,1200976,711816,0,0,0.155,0.216,0.275,0.164124,0.187,0.341,0.482,0.225023,0,0,0,0,0,0,0,1,allocator-measured,results/synthetic_experiments_A_F.csv
F_Hot_Cold_Skew__total_lookups=50000,controlled_synthetic,SymTabV3,1402264,790888,256,0,0.139,0.411,1.041,0.199395,0.384,0.923,1.343,0.503452,2000,0,0,0,0,986,0,1,allocator-measured,results/synthetic_experiments_A_F.csv
F_Hot_Cold_Skew__total_lookups=50000,controlled_synthetic,SymTabV4,1427536,831968,40896,0,0.146,0.408,1.21,0.189357,0.586,1.421,2.51,0.767261,2000,0,0,0,0,986,0,1,allocator-measured,results/synthetic_experiments_A_F.csv
F_Hot_Cold_Skew__total_lookups=100000,controlled_synthetic,Conventional,1995360,1236160,0,0,0.108,0.158,0.305,0.124416,0.181,0.438,1.561,0.257582,0,0,0,0,0,0,0,1,allocator-measured,results/synthetic_experiments_A_F.csv
F_Hot_Cold_Skew__total_lookups=100000,controlled_synthetic,Interned,2176312,1520936,0,0,0.127,0.225,0.383,0.14376,0.309,0.581,1.189,0.390881,0,0,0,0,0,0,0,1,allocator-measured,results/synthetic_experiments_A_F.csv
F_Hot_Cold_Skew__total_lookups=100000,controlled_synthetic,Conventional-HeapString,1987280,1236040,0,0,0.169,0.265,0.405,0.182314,0.203,0.404,1.664,0.26273,0,0,0,0,0,0,0,1,allocator-measured,results/synthetic_experiments_A_F.csv
F_Hot_Cold_Skew__total_lookups=100000,controlled_synthetic,SymTabV3,2163960,1315208,256,0,0.151,0.393,1.161,0.185305,0.525,1.345,2.286,0.694531,2000,0,0,0,0,1000,0,1,allocator-measured,results/synthetic_experiments_A_F.csv
F_Hot_Cold_Skew__total_lookups=100000,controlled_synthetic,SymTabV4,2188944,1356160,40896,0,0.15,0.392,1.391,0.189868,0.635,2.55,3.98,0.94202,2000,0,0,0,0,1000,0,1,allocator-measured,results/synthetic_experiments_A_F.csv
