corpus,implementation,declarations,uses,unique_names,modeled_peak_bytes,modeled_final_bytes,measured_peak_heap_bytes,measured_final_heap_bytes,measured_bytes_per_unique_symbol,lookup_p50_us,lookup_p95_us,lookup_p99_us,lookup_mean_us,insert_p50_us,insert_p95_us,insert_p99_us,insert_mean_us,promotions,demotions,reconstruction_count,reconstruction_steps_total,mean_reconstruction_depth,count_inline,count_interned,count_compressed
nanopb,Conventional,8432,21533,2110,74811,67594,709776,648768,307,0.132,0.298,0.418,0.152966,0.256,0.54,0.863,0.289983,0,0,0,0,0,0,0,0
nanopb,Interned,8432,21533,2110,71019,64258,989280,939728,445,0.134,0.256,0.381,0.150375,0.327,0.745,1.082,0.397974,0,0,0,0,0,0,0,0
nanopb,Conventional-HeapString,8432,21533,2110,59947,54250,708152,647104,306,0.149,0.327,0.477,0.173909,0.219,0.488,0.801,0.255158,0,0,0,0,0,0,0,0
nanopb,BudgetSymV1,8432,21533,2110,70151,67420,2971640,2394680,1134,0.104,0.48,0.753,0.16495,0.588,1.293,1.901,0.728579,181,0,0,0,0,0,0,0
nanopb,SymTabV2,8432,21533,2110,275964,250814,851496,792288,375,0.083,0.205,0.766,0.112254,0.366,1.369,2.292,0.552329,237,0,3002,9353,3.11559,1503,195,412
nanopb,SymTabV3,8432,21533,2110,224786,204479,800024,740424,350,0.088,0.199,0.476,0.107436,0.279,0.876,1.463,0.379489,237,0,3002,9353,3.11559,1503,195,412
nanopb,SymTabV4,8432,21533,2110,237514,217967,812368,752768,356,0.081,0.202,0.777,0.109773,0.285,1.295,2.184,0.465312,237,0,3002,9353,3.11559,1503,195,412
TinyUSB,Conventional,123751,125364,42539,2141996,2140595,9523408,9260600,217,0.074,0.165,0.238,0.0838277,0.114,0.309,0.491,0.148055,0,0,0,0,0,0,0,0
TinyUSB,Interned,123751,125364,42539,2045820,2044491,15488784,15247320,358,0.07,0.134,0.199,0.0786236,0.136,0.335,0.469,0.196085,0,0,0,0,0,0,0,0
TinyUSB,Conventional-HeapString,123751,125364,42539,1757292,1756179,9309648,9045296,212,0.084,0.184,0.271,0.0966087,0.108,0.273,0.461,0.145398,0,0,0,0,0,0,0,0
TinyUSB,BudgetSymV1,123751,125364,42539,1676607,1675278,28615400,28402632,667,0.067,0.32,0.539,0.110765,0.331,0.788,1.012,0.460261,1647,0,0,0,0,0,0,0
TinyUSB,SymTabV2,123751,125364,42539,7739439,7736515,14014336,13824752,324,0.059,0.373,0.623,0.096939,0.394,1.097,1.536,0.48442,3779,0,81526,272519,3.34273,21509,3186,17844
TinyUSB,SymTabV3,123751,125364,42539,6245213,6243236,12218184,12010048,282,0.063,0.2,0.419,0.0833539,0.281,0.606,0.804,0.321145,3779,0,81526,272519,3.34273,21509,3186,17844
TinyUSB,SymTabV4,123751,125364,42539,6707901,6706068,12610048,12401960,291,0.058,0.383,0.636,0.0973168,0.367,1.071,1.469,0.452991,3779,0,81526,272519,3.34273,21509,3186,17844
LVGL,Conventional,282891,559152,52068,1260569,986824,20254760,18511872,355,0.085,0.646,0.899,0.156214,0.114,0.257,0.44,0.132992,0,0,0,0,0,0,0,0
LVGL,Interned,282891,559152,52068,1185247,868494,27326952,25640968,492,0.076,0.363,0.558,0.115524,0.124,0.396,0.58,0.18292,0,0,0,0,0,0,0,0
LVGL,Conventional-HeapString,282891,559152,52068,1027929,804040,20271600,18517928,355,0.087,0.551,0.988,0.152349,0.092,0.21,0.357,0.110402,0,0,0,0,0,0,0,0
LVGL,BudgetSymV1,282891,559152,52068,1219470,1065844,91737392,73339848,1408,0.059,0.277,0.534,0.0955422,0.247,0.748,1.071,0.38585,4945,0,0,0,0,0,0,0
LVGL,SymTabV2,282891,559152,52068,4726548,4064116,22793656,21422128,411,0.058,0.323,0.555,0.097315,0.206,0.701,1.045,0.292828,11682,0,148850,495262,3.32726,43679,2427,5962
LVGL,SymTabV3,282891,559152,52068,4002918,3444806,22101192,20660120,396,0.061,0.23,0.425,0.0874355,0.166,0.502,0.71,0.213367,11682,0,148850,495262,3.32726,43679,2427,5962
LVGL,SymTabV4,282891,559152,52068,4228918,3680774,22306368,20864864,400,0.056,0.322,0.577,0.0935692,0.171,0.694,1.075,0.268626,11682,0,148850,495262,3.32726,43679,2427,5962
OpenThread,Conventional,206632,371328,31143,578998,578162,9713432,9627264,309,0.067,0.183,0.261,0.0841015,0.116,0.233,0.371,0.129451,0,0,0,0,0,0,0,0
OpenThread,Interned,206632,371328,31143,530209,529458,13431640,13430920,431,0.069,0.144,0.211,0.0795315,0.134,0.348,0.499,0.16737,0,0,0,0,0,0,0,0
OpenThread,Conventional-HeapString,206632,371328,31143,472790,472130,9760480,9662424,310,0.081,0.192,0.278,0.0965481,0.099,0.212,0.35,0.11377,0,0,0,0,0,0,0,0
OpenThread,BudgetSymV1,206632,371328,31143,538058,537266,44201824,37264656,1196,0.059,0.253,0.44,0.0913816,0.253,0.7,0.98,0.343195,1804,0,0,0,0,0,0,0
OpenThread,SymTabV2,206632,371328,31143,2478642,2476372,11353968,11352608,364,0.057,0.246,0.505,0.0816289,0.223,0.641,0.928,0.289988,7639,0,94777,303287,3.20001,26225,1652,3266
OpenThread,SymTabV3,206632,371328,31143,2093858,2092105,10906960,10905984,350,0.059,0.156,0.349,0.0739665,0.175,0.44,0.643,0.209656,7639,0,94777,303287,3.20001,26225,1652,3266
OpenThread,SymTabV4,206632,371328,31143,2204282,2202609,11005720,11004744,353,0.054,0.256,0.518,0.0794876,0.182,0.588,0.86,0.252171,7639,0,94777,303287,3.20001,26225,1652,3266
MbedTLS2,Conventional,25454,54244,5668,322714,317581,1764144,1759256,310,0.087,0.179,0.243,0.0961395,0.141,0.265,0.411,0.154557,0,0,0,0,0,0,0,0
MbedTLS2,Interned,25454,54244,5668,303265,303173,2484872,2484872,438,0.082,0.149,0.204,0.0905744,0.171,0.392,0.521,0.208225,0,0,0,0,0,0,0,0
MbedTLS2,Conventional-HeapString,25454,54244,5668,264090,259949,1736840,1731880,305,0.103,0.238,0.341,0.119713,0.138,0.3,0.45,0.162269,0,0,0,0,0,0,0,0
MbedTLS2,BudgetSymV1,25454,54244,5668,301914,301886,6213728,5671416,1000,0.071,0.359,0.535,0.115108,0.349,0.759,1.016,0.422156,781,0,0,0,0,0,0,0
MbedTLS2,SymTabV2,25454,54244,5668,1387502,1384638,2686152,2684136,473,0.07,0.441,0.745,0.113238,0.426,0.926,1.476,0.47296,1680,0,20104,64796,3.22304,2757,849,2062
MbedTLS2,SymTabV3,25454,54244,5668,1165440,1161907,2428968,2425168,427,0.074,0.24,0.491,0.0982305,0.316,0.62,0.891,0.332429,1680,0,20104,64796,3.22304,2757,849,2062
MbedTLS2,SymTabV4,25454,54244,5668,1217728,1214691,2477792,2473928,436,0.069,0.461,0.75,0.114745,0.391,0.865,1.444,0.431666,1680,0,20104,64796,3.22304,2757,849,2062
CMSIS,Conventional,55597,68219,12530,779314,779314,4260752,3795344,302,0.102,0.245,0.373,0.121415,0.138,0.359,0.574,0.177931,0,0,0,0,0,0,0,0
CMSIS,Interned,55597,68219,12530,709753,709753,5665496,5216416,416,0.087,0.159,0.221,0.0965694,0.131,0.362,0.494,0.180524,0,0,0,0,0,0,0,0
CMSIS,Conventional-HeapString,55597,68219,12530,630354,630354,4202608,3734128,298,0.104,0.222,0.317,0.118769,0.125,0.253,0.378,0.14612,0,0,0,0,0,0,0,0
CMSIS,BudgetSymV1,55597,68219,12530,793477,793449,12265496,11815520,942,0.076,0.379,0.575,0.122464,0.384,0.841,1.115,0.475369,1068,0,0,0,0,0,0,0
CMSIS,SymTabV2,55597,68219,12530,2642127,2642114,5876336,5503680,439,0.066,0.372,0.669,0.100514,0.448,1.533,1.873,0.605553,1249,0,43711,151293,3.46121,5554,1362,5614
CMSIS,SymTabV3,55597,68219,12530,2136866,2136825,5240272,4850720,387,0.068,0.191,0.403,0.0857968,0.333,0.736,0.947,0.374247,1249,0,43711,151293,3.46121,5554,1362,5614
CMSIS,SymTabV4,55597,68219,12530,2389778,2389705,5436280,5046664,402,0.068,0.417,0.786,0.109962,0.454,1.587,1.973,0.628545,1249,0,43711,151293,3.46121,5554,1362,5614
