corpus,implementation,declarations,uses,unique_names,measured_peak_heap_bytes,measured_final_heap_bytes,modeled_final_bytes,measured_bytes_per_unique_symbol,lookup_p50_us,lookup_p95_us,lookup_p99_us,lookup_mean_us,insert_p50_us,insert_p95_us,insert_p99_us,insert_mean_us,promotions,demotions,count_inline,count_interned,count_compressed,timing_reps,lookup_p95_stddev_us,lookup_mean_stddev_us
FreeRTOS,ConventionalHost,72376,123602,10386,1718024,1647248,523283,158,0.084,0.218,0.34,0.117476,0.105,0.279,0.491,0.159127,0,0,0,0,0,3,0.0613066,0.0260568
FreeRTOS,EmbeddedConventional,72376,123602,10386,1870496,1794864,19294150662,172,0.066,0.132,0.206,0.0764846,1.419,10.81,16.343,3.00388,0,0,0,0,0,3,0.0067082,0.00294521
FreeRTOS,Interned,72376,123602,10386,3054592,2988480,492923,287,0.104,0.259,0.464,0.132326,0.155,0.463,0.825,0.239863,0,0,0,0,0,3,0.032596,0.0117503
FreeRTOS,SymTabV3,72376,123602,10386,2686600,2618368,1630741,252,0.087,0.342,0.624,0.127071,0.402,1.057,1.626,0.482389,7105,0,5557,1250,3579,3,0.0137295,0.00357011
Arduino,ConventionalHost,31846,50273,11000,1636608,1636256,542842,148,0.113,0.287,0.415,0.135741,0.163,0.422,0.675,0.210419,0,0,0,0,0,3,0.021095,0.00807504
Arduino,EmbeddedConventional,31846,50273,11000,1523464,1484328,9246027716,134,0.059,0.129,0.2,0.0702832,0.228,13.914,21.433,3.18852,0,0,0,0,0,3,0.000707107,0.00165189
Arduino,Interned,31846,50273,11000,2910224,2910080,515114,264,0.089,0.199,0.302,0.102394,0.162,0.481,0.897,0.22627,0,0,0,0,0,3,0.0213776,0.0112664
Arduino,SymTabV3,31846,50273,11000,2205664,2205184,1482339,200,0.082,0.233,0.496,0.10507,0.261,0.889,1.394,0.360821,1021,0,7366,1105,2529,3,0.0104403,0.00700334
Zephyr,ConventionalHost,703727,1523992,228739,23224008,22598064,1566658,98,0.122,0.449,0.989,0.199015,0.165,0.41,0.692,0.233507,0,0,0,0,0,2,0.109,0.0308939
Zephyr,EmbeddedConventional,703727,1523992,228739,51203576,41742456,5157419928542,182,0.073,0.21,0.388,0.0984343,0.182,13.594,31.758,2.37445,0,0,0,0,0,2,0.004,0.00319998
Zephyr,Interned,703727,1523992,228739,56368920,56069680,1469814,245,0.111,0.312,0.739,0.154569,0.229,0.889,1.447,0.434855,0,0,0,0,0,2,0.06,0.0124915
Zephyr,SymTabV3,703727,1523992,228739,29431296,28224256,5234898,123,0.086,0.317,0.703,0.128596,0.295,0.89,1.461,0.408777,33662,0,213614,5372,9753,2,0.014,0.00353136
ESP-IDF,ConventionalHost,795847,1115502,231075,40485664,40485328,13491463,175,0.104,0.284,0.581,0.134626,0.176,0.593,0.915,0.26871,0,0,0,0,0,2,0.019,0.000540747
ESP-IDF,EmbeddedConventional,795847,1115502,231075,42652080,42652080,6393071256950,184,0.064,0.255,0.463,0.0946663,0.365,284.002,456.566,69.211,0,0,0,0,0,2,0,0.00118559
ESP-IDF,Interned,795847,1115502,231075,67789072,67789072,12877391,293,0.093,0.222,0.679,0.122391,0.268,0.868,1.254,0.428741,0,0,0,0,0,2,0.021,0.00390335
ESP-IDF,SymTabV3,795847,1115502,231075,56741328,56741040,36505408,245,0.061,0.226,0.565,0.0955667,0.325,0.948,1.512,0.442693,28413,0,90100,19707,121268,2,0.025,0.00528098
