dataset,implementation,declarations,unique_names,reported_symbols,modeled_bytes_after_insert,measured_heap_bytes_after_insert,measured_peak_heap_bytes_insert,measured_over_modeled_insert,modeled_bytes_after_lookup,measured_heap_bytes_after_lookup,measured_bytes_per_unique_name
small,Conventional,100,100,100,7305,9928,9928,1.35907,7305,9928,99.28
small,Interned,100,100,100,6905,18144,18144,2.62766,6905,18144,181.44
small,BudgetSym(default-onlineML),100,100,100,4025,24192,26040,6.01043,4025,34824,241.92
small,BudgetSym(fixed-handpicked),100,100,100,4025,24192,26024,6.01043,4025,34808,241.92
small,RobinHood,100,100,100,7305,20584,30832,2.8178,7305,20584,205.84
small,Trie,100,100,100,21600,166728,174440,7.71889,21600,166728,1667.28
medium,Conventional,2000,2000,2000,149870,198528,198528,1.32467,149870,198528,99.264
medium,Interned,2000,2000,2000,141870,342896,342896,2.41697,141870,342896,171.448
medium,BudgetSym(default-onlineML),2000,2000,2000,83246,395576,395696,4.75189,83246,422784,197.788
medium,BudgetSym(fixed-handpicked),2000,2000,2000,101966,463008,463128,4.54081,101966,490216,231.504
medium,RobinHood,2000,2000,2000,149870,331360,494008,2.21098,149870,331360,165.68
medium,Trie,2000,2000,2000,488136,4518488,5583528,9.25662,488136,4518488,2259.24
large,Conventional,20000,20000,20000,1499656,1963416,1963416,1.30924,1499656,1963416,98.1708
large,Interned,20000,20000,20000,1419656,3826528,3867848,2.69539,1419656,3826528,191.326
large,BudgetSym(default-onlineML),20000,20000,20000,829960,4852368,5840720,5.84651,829960,4879576,242.618
large,BudgetSym(fixed-handpicked),20000,20000,20000,1024296,5472968,6401568,5.34315,1024296,5500176,273.648
large,RobinHood,20000,20000,20000,1499656,2658600,3953704,1.77281,1499656,2658600,132.93
large,Trie,20000,20000,20000,4584696,38731360,44520448,8.44797,4584696,38731360,1936.57
high-prefix-similarity,Conventional,2000,2000,2000,184090,303368,303368,1.64793,184090,303368,151.684
high-prefix-similarity,Interned,2000,2000,2000,176090,494496,494496,2.8082,176090,494496,247.248
high-prefix-similarity,BudgetSym(default-onlineML),2000,2000,2000,71084,691456,691584,9.72731,71084,738328,345.728
high-prefix-similarity,BudgetSym(fixed-handpicked),2000,2000,2000,71084,691440,691568,9.72708,71084,738312,345.72
high-prefix-similarity,RobinHood,2000,2000,2000,184090,420872,557552,2.28623,184090,420872,210.436
high-prefix-similarity,Trie,2000,2000,2000,127128,542288,668584,4.26568,127128,542288,271.144
random-identifiers,Conventional,2000,2000,2000,157354,217704,217704,1.38353,157354,217704,108.852
random-identifiers,Interned,2000,2000,2000,149354,379248,379248,2.53926,149354,379248,189.624
random-identifiers,BudgetSym(default-onlineML),2000,2000,2000,112522,524536,524536,4.66163,112522,554104,262.268
random-identifiers,BudgetSym(fixed-handpicked),2000,2000,2000,123818,590864,590864,4.77204,123818,620432,295.432
random-identifiers,RobinHood,2000,2000,2000,157354,350360,507968,2.22657,157354,350360,175.18
random-identifiers,Trie,2000,2000,2000,668064,5477680,5604120,8.19933,668064,5477680,2738.84
nested-scopes,Conventional,1000,1000,1000,79767,106352,106352,1.33328,79767,106352,106.352
nested-scopes,Interned,1000,1000,1000,75767,185536,185536,2.44877,75767,185536,185.536
nested-scopes,BudgetSym(default-onlineML),1000,1000,1000,39039,289536,289704,7.41658,39039,320736,289.536
nested-scopes,BudgetSym(fixed-handpicked),1000,1000,1000,39039,289584,289752,7.41781,39039,320768,289.584
nested-scopes,RobinHood,1000,1000,1000,79767,173152,252344,2.17072,79767,173152,173.152
nested-scopes,Trie,1000,1000,1000,201240,1440120,1440120,7.15623,201240,1440120,1440.12
hot-cold-access,Conventional,1500,1500,1500,119041,166568,166568,1.39925,119041,166568,111.045
hot-cold-access,Interned,1500,1500,1500,113041,306400,306400,2.71052,113041,306400,204.267
hot-cold-access,BudgetSym(default-onlineML),1500,1500,1500,67323,398840,405808,5.92428,67323,427808,265.893
hot-cold-access,BudgetSym(fixed-handpicked),1500,1500,1500,84161,464808,464808,5.52284,84161,493736,309.872
hot-cold-access,RobinHood,1500,1500,1500,119041,342392,505672,2.87625,119041,342392,228.261
hot-cold-access,Trie,1500,1500,1500,410664,3041128,3041128,7.40539,410664,3041128,2027.42
memory-stress,Conventional,1500,1500,1500,130926,203680,203680,1.55569,130926,203680,135.787
memory-stress,Interned,1500,1500,1500,124926,367488,367488,2.94165,124926,367488,244.992
memory-stress,BudgetSym(default-onlineML),1500,1500,1500,82424,637904,638128,7.7393,82424,678216,425.269
memory-stress,BudgetSym(fixed-handpicked),1500,1500,1500,82424,637440,637664,7.73367,82424,677752,424.96
memory-stress,RobinHood,1500,1500,1500,130926,375984,537688,2.87173,130926,375984,250.656
memory-stress,Trie,1500,1500,1500,813408,6366280,6366280,7.82667,813408,6366280,4244.19
freertos,Conventional,1107471,16505,16505,1289219,1812488,1812488,1.40588,1289219,1812488,109.814
freertos,Interned,1107471,16505,16505,1223199,3689072,4131336,3.01592,1223199,3689072,223.512
freertos,BudgetSym(default-onlineML),1107471,16505,16505,1166580,171540016,255210232,147.045,1166580,171569096,10393.2
freertos,BudgetSym(fixed-handpicked),1107471,16505,16505,1172615,171548728,255217048,146.296,1172615,171577688,10393.7
freertos,RobinHood,1107471,16505,16505,1289219,2791504,4056128,2.16527,1289219,2791504,169.131
freertos,Trie,1107471,16505,16505,2884188,21333432,22380280,7.39669,2884188,21333432,1292.54
arduino-core,Conventional,329480,18288,18288,1385066,1899056,1899056,1.37109,1385066,1899056,103.842
arduino-core,Interned,329480,18288,18288,1311914,3780512,4009096,2.88168,1311914,3780512,206.721
arduino-core,BudgetSym(default-onlineML),329480,18288,18288,1193351,45695200,66524160,38.2915,1193351,45722792,2498.64
arduino-core,BudgetSym(fixed-handpicked),329480,18288,18288,1207324,45718424,66549664,37.8676,1207324,45745896,2499.91
arduino-core,RobinHood,329480,18288,18288,1385066,2736272,4010920,1.97555,1385066,2736272,149.621
arduino-core,Trie,329480,18288,18288,2713728,20075032,22354016,7.39758,2713728,20075032,1097.72
zephyr,Conventional,3710619,268061,268061,22196292,32241960,32241960,1.45258,22196292,32241960,120.278
zephyr,Interned,3710619,268061,268061,21124048,64229104,70700584,3.04057,21124048,64229104,239.606
zephyr,BudgetSym(default-onlineML),3710619,268061,268061,20492838,406493520,548714384,19.8359,20492838,406560704,1516.42
zephyr,BudgetSym(fixed-handpicked),3710619,268061,268061,20589258,406685376,548864392,19.7523,20589258,406752600,1517.14
zephyr,RobinHood,3710619,268061,268061,22196292,46964000,66222352,2.11585,22196292,46964000,175.199
zephyr,Trie,3710619,268061,268061,54685284,385313960,385313960,7.04603,54685284,385313960,1437.41
