dataset,implementation,declarations,unique_names,reported_symbols,peak_slots,modeled_bytes_after_insert,measured_heap_bytes_after_insert,measured_peak_heap_bytes_insert,measured_over_modeled_insert,measured_bytes_per_unique_name,measured_heap_bytes_after_lookup,first_cycle_residual,second_cycle_residual
small,Conventional,100,100,100,0,7305,9928,9928,1.35907,99.28,9928,64,64
small,Interned,100,100,100,0,6905,18112,18112,2.62303,181.12,18112,9552,9552
small,RobinHood,100,100,100,0,7305,20584,30832,2.8178,205.84,20584,48,48
small,SymTabV2,100,100,100,100,5220,13744,15800,2.63295,137.44,13744,9336,13048
medium,Conventional,2000,2000,2000,0,149870,198528,198528,1.32467,99.264,198528,64,64
medium,Interned,2000,2000,2000,0,141870,342896,342896,2.41697,171.448,342896,3904,3904
medium,RobinHood,2000,2000,2000,0,149870,331376,493928,2.21109,165.688,331376,48,48
medium,SymTabV2,2000,2000,2000,2000,160902,298296,298320,1.8539,149.148,298296,2408,5144
large,Conventional,20000,20000,20000,0,1499656,1963272,1963272,1.30915,98.1636,1963272,64,64
large,Interned,20000,20000,20000,0,1419656,3830240,3871560,2.69801,191.512,3830240,3904,3904
large,RobinHood,20000,20000,20000,0,1499656,2662744,3961896,1.77557,133.137,2662744,48,48
large,SymTabV2,20000,20000,20000,20000,1623987,3502664,3610416,2.15683,175.133,3502664,3408,6128
high-prefix-similarity,Conventional,2000,2000,2000,0,184090,303352,303352,1.64785,151.676,303352,64,64
high-prefix-similarity,Interned,2000,2000,2000,0,176090,494224,494224,2.80666,247.112,494224,3904,3904
high-prefix-similarity,RobinHood,2000,2000,2000,0,184090,420616,557296,2.28484,210.308,420616,48,48
high-prefix-similarity,SymTabV2,2000,2000,2000,2000,278760,485064,485216,1.74008,242.532,485064,3032,7152
random-identifiers,Conventional,2000,2000,2000,0,157354,217560,217560,1.38261,108.78,217560,64,64
random-identifiers,Interned,2000,2000,2000,0,149354,378960,378960,2.53733,189.48,378960,3904,3904
random-identifiers,RobinHood,2000,2000,2000,0,157354,350328,507936,2.22637,175.164,350328,48,48
random-identifiers,SymTabV2,2000,2000,2000,2000,210913,376648,376704,1.7858,188.324,376648,4312,7048
nested-scopes,Conventional,1000,1000,1000,0,79767,106272,106272,1.33228,106.272,106272,64,64
nested-scopes,Interned,1000,1000,1000,0,75767,185376,185376,2.44666,185.376,185376,40784,40784
nested-scopes,RobinHood,1000,1000,1000,0,79767,173104,252296,2.17012,173.104,173104,48,48
nested-scopes,SymTabV2,1000,1000,1000,1000,137426,231888,234504,1.68737,231.888,231888,55560,58280
hot-cold-access,Conventional,1500,1500,1500,0,119041,166456,166456,1.39831,110.971,166456,64,64
hot-cold-access,Interned,1500,1500,1500,0,113041,306448,306448,2.71095,204.299,306448,3904,3904
hot-cold-access,RobinHood,1500,1500,1500,0,119041,342520,505816,2.87733,228.347,342520,48,48
hot-cold-access,SymTabV2,1500,1500,1500,1500,153089,311696,340048,2.03604,207.797,311696,3048,5768
memory-stress,Conventional,1500,1500,1500,0,130926,203392,203392,1.55349,135.595,203392,64,64
memory-stress,Interned,1500,1500,1500,0,124926,367536,367536,2.94203,245.024,367536,3904,3904
memory-stress,RobinHood,1500,1500,1500,0,130926,375888,537592,2.871,250.592,375888,48,48
memory-stress,SymTabV2,1500,1500,1500,1500,228828,438480,461064,1.9162,292.32,438480,2312,6432
freertos,Conventional,1107471,16505,16505,0,1289219,1814120,1814120,1.40715,109.913,1814120,64,64
freertos,Interned,1107471,16505,16505,0,1223199,3689136,4131400,3.01597,223.516,3689136,3904,3904
freertos,RobinHood,1107471,16505,16505,0,1289219,2791440,4056048,2.16522,169.127,2791440,48,48
freertos,SymTabV2,1107471,16505,16505,16505,1762376,12548272,15772344,7.12009,760.271,12548272,2240,4960
arduino-core,Conventional,329480,18288,18288,0,1385066,1899024,1899024,1.37107,103.84,1899024,64,64
arduino-core,Interned,329480,18288,18288,0,1311914,3780560,4009144,2.88171,206.724,3780560,3904,3904
arduino-core,RobinHood,329480,18288,18288,0,1385066,2736768,4011048,1.97591,149.648,2736768,48,48
arduino-core,SymTabV2,329480,18288,18288,18288,1558121,5825704,6831376,3.73893,318.553,5825704,2264,4984
zephyr,Conventional,3710619,268061,268061,0,22196292,32242040,32242040,1.45259,120.279,32242040,64,64
zephyr,Interned,3710619,268061,268061,0,21124048,64229168,70700648,3.04057,239.607,64229168,3904,3904
zephyr,RobinHood,3710619,268061,268061,0,22196292,46963920,66222288,2.11585,175.199,46963920,48,48
zephyr,SymTabV2,3710619,268061,268061,268061,38522060,106411568,110783480,2.76235,396.968,106411568,3584,6304
