corpus,inline_cap,max_load_factor,final_heap_bytes,lookup_p95_us
FreeRTOS,8,0.6,4269536,0.223
FreeRTOS,12,0.6,5211616,0.226
FreeRTOS,16,0.6,4926808,0.227
FreeRTOS,24,0.6,5648688,0.217
FreeRTOS,8,0.7,2723616,0.234
FreeRTOS,12,0.7,3136592,0.244
FreeRTOS,16,0.7,2847784,0.25
FreeRTOS,24,0.7,3035536,0.233
FreeRTOS,8,0.8,2761792,0.259
FreeRTOS,12,0.8,3171016,0.281
FreeRTOS,16,0.8,2875832,0.279
FreeRTOS,24,0.8,3050480,0.265
Arduino,8,0.6,1078232,0.108
Arduino,12,0.6,1268328,0.111
Arduino,16,0.6,1213440,0.114
Arduino,24,0.6,1412152,0.109
Arduino,8,0.7,1079264,0.112
Arduino,12,0.7,1269000,0.115
Arduino,16,0.7,1213816,0.115
Arduino,24,0.7,1412256,0.114
Arduino,8,0.8,1080712,0.118
Arduino,12,0.8,1270032,0.122
Arduino,16,0.8,1214488,0.124
Arduino,24,0.8,1412528,0.121
