workload,implementation,repetition,physical_final_heap_bytes,physical_peak_heap_bytes,lookup_p50_us,lookup_p95_us,lookup_p99_us,lookup_mean_us,insert_p95_us,probe_mean,inline_fraction,fallback_fraction,configuration_id,seed,measurement_method
FreeRTOS,EmbeddedConventional,7,1794768,1870400,0.05,0.086,0.119,0.0547286,7.361,0,0.0000,0.0000,METIS_X_v0.1_kInlineCap12,42,malloc_usable_size
FreeRTOS,MetisX,7,1649792,1724384,0.048,0.087,0.11,0.0523444,0.144,1.49295,0.2684,0.7316,METIS_X_v0.1_kInlineCap12,42,malloc_usable_size
FreeRTOS,SymTabV3,7,2618480,2686712,0.066,0.251,0.382,0.0910055,0.633,0,0.0000,0.0000,METIS_X_v0.1_kInlineCap12,42,malloc_usable_size
FreeRTOS,ConventionalHost,7,1647440,1718216,0.066,0.15,0.206,0.0784804,0.191,0,0.0000,0.0000,METIS_X_v0.1_kInlineCap12,42,malloc_usable_size
Arduino,EmbeddedConventional,7,1484136,1523272,0.043,0.079,0.112,0.048822,9.883,0,0.0000,0.0000,METIS_X_v0.1_kInlineCap12,42,malloc_usable_size
Arduino,MetisX,7,1522720,1591304,0.045,0.079,0.103,0.0489575,0.178,0.416842,0.5303,0.4697,METIS_X_v0.1_kInlineCap12,42,malloc_usable_size
Arduino,SymTabV3,7,2205136,2205616,0.065,0.176,0.386,0.0835779,0.594,0,0.0000,0.0000,METIS_X_v0.1_kInlineCap12,42,malloc_usable_size
Arduino,ConventionalHost,7,1636512,1636864,0.083,0.181,0.253,0.0965562,0.276,0,0.0000,0.0000,METIS_X_v0.1_kInlineCap12,42,malloc_usable_size
Zephyr,EmbeddedConventional,5,41742312,51203432,0.06,0.173,0.317,0.0760865,10.511,0,0.0000,0.0000,METIS_X_v0.1_kInlineCap12,42,malloc_usable_size
Zephyr,MetisX,5,25789424,25924136,0.058,0.113,0.175,0.0654295,0.256,0.680898,0.1979,0.8021,METIS_X_v0.1_kInlineCap12,42,malloc_usable_size
Zephyr,SymTabV3,5,28222032,29429104,0.07,0.242,0.523,0.0983442,0.647,0,0.0000,0.0000,METIS_X_v0.1_kInlineCap12,42,malloc_usable_size
Zephyr,ConventionalHost,5,22586992,23213048,0.091,0.324,0.699,0.136829,0.278,0,0.0000,0.0000,METIS_X_v0.1_kInlineCap12,42,malloc_usable_size
ESP-IDF,EmbeddedConventional,5,42651920,42651920,0.054,0.189,0.3,0.0735946,237.674,0,0.0000,0.0000,METIS_X_v0.1_kInlineCap12,42,malloc_usable_size
ESP-IDF,MetisX,5,35196200,35196200,0.045,0.09,0.175,0.0528465,0.235,0.74514,0.1035,0.8965,METIS_X_v0.1_kInlineCap12,42,malloc_usable_size
ESP-IDF,SymTabV3,5,56741632,56741920,0.064,0.234,0.559,0.0939977,0.912,0,0.0000,0.0000,METIS_X_v0.1_kInlineCap12,42,malloc_usable_size
ESP-IDF,ConventionalHost,5,40484448,40484784,0.084,0.201,0.459,0.108115,0.493,0,0.0000,0.0000,METIS_X_v0.1_kInlineCap12,42,malloc_usable_size
