corpus,implementation,declarations,uses,unique_names,measured_peak_heap_bytes,measured_final_heap_bytes,measured_bytes_per_unique_symbol,lookup_p50_us,lookup_p95_us,lookup_p99_us,lookup_mean_us,insert_p50_us,insert_p95_us,insert_p99_us,insert_mean_us,timing_reps,lookup_p95_stddev_us,lookup_mean_stddev_us,inline_slots,heap_slots,avg_probe_dist,logical_final_bytes
FreeRTOS,EmbeddedConventional,72376,123602,10386,1870400,1794768,172,0.041,0.072,0.104,0.0467005,1.013,6.138,9.049,1.8028,5,0.00158114,0.00248422,0,0,0,0
FreeRTOS,MetisX,72376,123602,10386,1724384,1649792,158,0.04,0.071,0.093,0.0458216,0.058,0.125,0.184,0.0746268,5,0.00452769,0.00352406,2496,6803,1.49295,698140
FreeRTOS,SymTabV3,72376,123602,10386,2687048,2618816,252,0.052,0.199,0.308,0.0742377,0.242,0.501,0.7,0.270343,5,0.00193649,0.00255355,0,0,0,1630741
FreeRTOS,ConventionalHost,72376,123602,10386,1718248,1647472,158,0.055,0.125,0.176,0.0682955,0.068,0.164,0.27,0.0891047,5,0.00512348,0.00391178,0,0,0,0
Arduino,EmbeddedConventional,31846,50273,11000,1523288,1484152,134,0.036,0.066,0.093,0.044431,0.124,8.284,10.895,2.07904,5,0.00273861,0.00318637,0,0,0,0
Arduino,MetisX,31846,50273,11000,1591336,1522768,138,0.035,0.059,0.073,0.0390055,0.06,0.128,0.187,0.0805434,5,0.00406202,0.00211091,3786,3354,0.416842,620930
Arduino,SymTabV3,31846,50273,11000,2205360,2204880,200,0.046,0.12,0.262,0.0598225,0.141,0.397,0.551,0.19763,5,0.00353553,0.00112107,0,0,0,1482339
Arduino,ConventionalHost,31846,50273,11000,1636784,1636432,148,0.059,0.129,0.174,0.0712843,0.084,0.176,0.273,0.104088,5,0.000866025,0.00314222,0,0,0,0
Zephyr,EmbeddedConventional,703727,1523992,228739,51203416,41742296,182,0.044,0.103,0.198,0.05613,0.104,7.885,18.587,1.38486,3,0.000707107,0.00107133,0,0,0,0
Zephyr,MetisX,703727,1523992,228739,25924248,25789536,112,0.044,0.083,0.124,0.050229,0.076,0.197,0.314,0.101559,3,0.00141421,0.00133605,10757,43602,0.680898,5261090
Zephyr,SymTabV3,703727,1523992,228739,29430624,28223552,123,0.055,0.196,0.447,0.0816042,0.194,0.541,0.779,0.24844,3,0.0127475,0.00269108,0,0,0,5234898
Zephyr,ConventionalHost,703727,1523992,228739,23214200,22588032,98,0.076,0.27,0.569,0.108599,0.102,0.231,0.404,0.122369,3,0.002,0.000461063,0,0,0,0
ESP-IDF,EmbeddedConventional,795847,1115502,231075,42651904,42651904,184,0.044,0.146,0.23,0.0602555,0.23,178.949,237.152,42.4216,3,0.0346771,0.00554094,0,0,0,0
ESP-IDF,MetisX,795847,1115502,231075,35196040,35196040,152,0.052,0.105,0.193,0.0594308,0.118,0.27,0.375,0.149128,3,0.00738241,0.00301425,16089,139434,0.74514,12847443
ESP-IDF,SymTabV3,795847,1115502,231075,56741744,56741456,245,0.07,0.263,0.614,0.101057,0.377,0.996,1.341,0.474966,3,0.0132853,0.00612422,0,0,0,36505408
ESP-IDF,ConventionalHost,795847,1115502,231075,40484304,40483968,175,0.082,0.189,0.422,0.0980201,0.138,0.443,0.654,0.191195,3,0.0114018,0.00332088,0,0,0,0
