latency_constraint,model_name,dataset_type,mean_memory_kb,mean_cold_latency_us,constraint_violation_rate,mean_regret_kb,exact_config_accuracy,model_size_bytes,inference_latency_us
1.10x,Conventional Baseline,Synthetic (LOWO),215.24,0.0731,0.0%,-65.86,55.6%,64,3.43
1.10x,Conventional Baseline,Real-World (Held-Out),766.52,0.1347,0.0%,-269.97,0.0%,64,3.43
1.10x,Interned Baseline,Synthetic (LOWO),502.30,0.0848,77.8%,221.21,55.6%,64,2.37
1.10x,Interned Baseline,Real-World (Held-Out),1109.91,0.1183,0.0%,73.42,0.0%,64,2.37
1.10x,Static Default V2,Synthetic (LOWO),603.64,0.3334,100.0%,322.55,0.0%,64,156.74
1.10x,Static Default V2,Real-World (Held-Out),1341.50,0.1100,0.0%,305.01,0.0%,64,156.74
1.10x,Hand Heuristic,Synthetic (LOWO),422.48,0.2396,66.7%,141.39,11.1%,64,249.32
1.10x,Hand Heuristic,Real-World (Held-Out),1190.18,0.0913,0.0%,153.70,0.0%,64,249.32
1.10x,Ridge Classifier,Synthetic (LOWO),277.53,0.0804,33.3%,-3.56,22.2%,2048,12831.04
1.10x,Ridge Classifier,Real-World (Held-Out),766.52,0.1347,0.0%,-269.97,0.0%,2048,12831.04
1.10x,Decision Tree,Synthetic (LOWO),237.64,0.0991,33.3%,-43.45,22.2%,2048,1837.31
1.10x,Decision Tree,Real-World (Held-Out),1062.91,0.0817,0.0%,26.42,0.0%,2048,1837.31
1.10x,ExtraTrees,Synthetic (LOWO),270.95,0.0836,22.2%,-10.14,33.3%,2048,57035.96
1.10x,ExtraTrees,Real-World (Held-Out),1062.91,0.0817,0.0%,26.42,0.0%,2048,57035.96
1.25x,Conventional Baseline,Synthetic (LOWO),215.24,0.0731,0.0%,-172.39,22.2%,64,2.44
1.25x,Conventional Baseline,Real-World (Held-Out),766.52,0.1347,0.0%,-269.97,0.0%,64,2.44
1.25x,Interned Baseline,Synthetic (LOWO),502.30,0.0848,22.2%,114.68,22.2%,64,1.87
1.25x,Interned Baseline,Real-World (Held-Out),1109.91,0.1183,0.0%,73.42,0.0%,64,1.87
1.25x,Static Default V2,Synthetic (LOWO),603.64,0.3334,100.0%,216.02,0.0%,64,170.41
1.25x,Static Default V2,Real-World (Held-Out),1341.50,0.1100,0.0%,305.01,0.0%,64,170.41
1.25x,Hand Heuristic,Synthetic (LOWO),483.13,0.2923,77.8%,95.51,11.1%,64,289.07
1.25x,Hand Heuristic,Real-World (Held-Out),1190.18,0.0913,0.0%,153.70,0.0%,64,289.07
1.25x,Ridge Classifier,Synthetic (LOWO),277.37,0.0809,33.3%,-110.25,0.0%,2048,3607.70
1.25x,Ridge Classifier,Real-World (Held-Out),1320.52,0.0880,0.0%,284.03,0.0%,2048,3607.70
1.25x,Decision Tree,Synthetic (LOWO),270.79,0.0783,22.2%,-116.83,0.0%,2048,1749.45
1.25x,Decision Tree,Real-World (Held-Out),1062.91,0.0817,0.0%,26.42,0.0%,2048,1749.45
1.25x,ExtraTrees,Synthetic (LOWO),277.74,0.0897,44.4%,-109.88,0.0%,2048,55366.06
1.25x,ExtraTrees,Real-World (Held-Out),1180.85,0.0873,0.0%,144.36,0.0%,2048,55366.06
1.50x,Conventional Baseline,Synthetic (LOWO),215.24,0.0731,0.0%,-192.13,0.0%,64,3.67
1.50x,Conventional Baseline,Real-World (Held-Out),766.52,0.1347,0.0%,-269.97,0.0%,64,3.67
1.50x,Interned Baseline,Synthetic (LOWO),502.30,0.0848,11.1%,94.94,0.0%,64,3.96
1.50x,Interned Baseline,Real-World (Held-Out),1109.91,0.1183,0.0%,73.42,0.0%,64,3.96
1.50x,Static Default V2,Synthetic (LOWO),603.64,0.3334,100.0%,196.28,0.0%,64,264.33
1.50x,Static Default V2,Real-World (Held-Out),1341.50,0.1100,0.0%,305.01,0.0%,64,264.33
1.50x,Hand Heuristic,Synthetic (LOWO),483.13,0.2923,66.7%,75.77,0.0%,64,426.79
1.50x,Hand Heuristic,Real-World (Held-Out),1190.18,0.0913,0.0%,153.70,0.0%,64,426.79
1.50x,Ridge Classifier,Synthetic (LOWO),405.58,0.1632,44.4%,-1.79,0.0%,2048,3222.55
1.50x,Ridge Classifier,Real-World (Held-Out),1168.30,0.0993,0.0%,131.81,0.0%,2048,3222.55
1.50x,Decision Tree,Synthetic (LOWO),595.10,0.1480,44.4%,187.74,0.0%,2048,1816.36
1.50x,Decision Tree,Real-World (Held-Out),1168.30,0.0993,0.0%,131.81,0.0%,2048,1816.36
1.50x,ExtraTrees,Synthetic (LOWO),405.55,0.1664,55.6%,-1.82,0.0%,2048,56968.45
1.50x,ExtraTrees,Real-World (Held-Out),1136.16,0.1000,0.0%,99.67,0.0%,2048,56968.45
2.00x,Conventional Baseline,Synthetic (LOWO),215.24,0.0731,0.0%,-115.93,0.0%,64,2.79
2.00x,Conventional Baseline,Real-World (Held-Out),766.52,0.1347,0.0%,-269.97,0.0%,64,2.79
2.00x,Interned Baseline,Synthetic (LOWO),502.30,0.0848,11.1%,171.14,0.0%,64,2.08
2.00x,Interned Baseline,Real-World (Held-Out),1109.91,0.1183,0.0%,73.42,0.0%,64,2.08
2.00x,Static Default V2,Synthetic (LOWO),603.64,0.3334,100.0%,272.47,0.0%,64,189.26
2.00x,Static Default V2,Real-World (Held-Out),1341.50,0.1100,0.0%,305.01,0.0%,64,189.26
2.00x,Hand Heuristic,Synthetic (LOWO),483.13,0.2923,66.7%,151.97,0.0%,64,294.17
2.00x,Hand Heuristic,Real-World (Held-Out),1190.18,0.0913,0.0%,153.70,0.0%,64,294.17
2.00x,Ridge Classifier,Synthetic (LOWO),344.93,0.1693,44.4%,13.76,0.0%,2048,3732.11
2.00x,Ridge Classifier,Real-World (Held-Out),1069.11,0.0827,0.0%,32.63,0.0%,2048,3732.11
2.00x,Decision Tree,Synthetic (LOWO),556.79,0.1807,33.3%,225.62,0.0%,2048,2051.92
2.00x,Decision Tree,Real-World (Held-Out),1069.11,0.0827,0.0%,32.63,0.0%,2048,2051.92
2.00x,ExtraTrees,Synthetic (LOWO),337.43,0.1516,44.4%,6.26,0.0%,2048,58831.28
2.00x,ExtraTrees,Real-World (Held-Out),1071.89,0.0813,0.0%,35.40,0.0%,2048,58831.28
