workload,seed,implementation,measured_final_heap_bytes,cold_lookup_p50_us,cold_lookup_p95_us
ExpA_100pct_Inline,1000,Conventional,65608,0.086,0.112
ExpA_100pct_Inline,1000,Interned,681344,0.093,0.131
ExpA_100pct_Inline,1000,Conventional-HeapString,65608,0.138,0.179
ExpA_100pct_Inline,1000,SymTabV3,139080,0.086,0.12
ExpA_100pct_Inline,1000,SymTabV4,139080,0.087,0.123
ExpA_100pct_Inline,1001,Conventional,65608,0.081,0.109
ExpA_100pct_Inline,1001,Interned,681296,0.092,0.12
ExpA_100pct_Inline,1001,Conventional-HeapString,65608,0.114,0.154
ExpA_100pct_Inline,1001,SymTabV3,139080,0.074,0.112
ExpA_100pct_Inline,1001,SymTabV4,139080,0.085,0.117
ExpA_100pct_Inline,1002,Conventional,65608,0.085,0.117
ExpA_100pct_Inline,1002,Interned,681312,0.097,0.133
ExpA_100pct_Inline,1002,Conventional-HeapString,65608,0.116,0.162
ExpA_100pct_Inline,1002,SymTabV3,139080,0.074,0.104
ExpA_100pct_Inline,1002,SymTabV4,139080,0.086,0.124
ExpA_100pct_Inline,1003,Conventional,65608,0.088,0.13
ExpA_100pct_Inline,1003,Interned,681328,0.101,0.147
ExpA_100pct_Inline,1003,Conventional-HeapString,65608,0.147,0.186
ExpA_100pct_Inline,1003,SymTabV3,139080,0.083,0.131
ExpA_100pct_Inline,1003,SymTabV4,139080,0.087,0.131
ExpA_100pct_Inline,1004,Conventional,65608,0.089,0.124
ExpA_100pct_Inline,1004,Interned,681296,0.105,0.148
ExpA_100pct_Inline,1004,Conventional-HeapString,65608,0.144,0.186
ExpA_100pct_Inline,1004,SymTabV3,139080,0.088,0.13
ExpA_100pct_Inline,1004,SymTabV4,139096,0.095,0.138
ExpA_100pct_Inline,1005,Conventional,65608,0.085,0.163
ExpA_100pct_Inline,1005,Interned,681328,0.104,0.146
ExpA_100pct_Inline,1005,Conventional-HeapString,65608,0.123,0.194
ExpA_100pct_Inline,1005,SymTabV3,139080,0.079,0.122
ExpA_100pct_Inline,1005,SymTabV4,139080,0.084,0.116
ExpA_100pct_Inline,1006,Conventional,65608,0.078,0.1
ExpA_100pct_Inline,1006,Interned,681360,0.093,0.127
ExpA_100pct_Inline,1006,Conventional-HeapString,65608,0.154,0.191
ExpA_100pct_Inline,1006,SymTabV3,139080,0.089,0.127
ExpA_100pct_Inline,1006,SymTabV4,139080,0.092,0.133
ExpA_100pct_Inline,1007,Conventional,65608,0.093,0.121
ExpA_100pct_Inline,1007,Interned,681328,0.101,0.179
ExpA_100pct_Inline,1007,Conventional-HeapString,65608,0.125,0.183
ExpA_100pct_Inline,1007,SymTabV3,139080,0.085,0.127
ExpA_100pct_Inline,1007,SymTabV4,139080,0.087,0.131
ExpA_100pct_Inline,1008,Conventional,65608,0.084,0.124
ExpA_100pct_Inline,1008,Interned,681360,0.103,0.16
ExpA_100pct_Inline,1008,Conventional-HeapString,65608,0.12,0.185
ExpA_100pct_Inline,1008,SymTabV3,139080,0.079,0.129
ExpA_100pct_Inline,1008,SymTabV4,139080,0.091,0.123
ExpA_100pct_Inline,1009,Conventional,65608,0.089,0.116
ExpA_100pct_Inline,1009,Interned,681360,0.107,0.147
ExpA_100pct_Inline,1009,Conventional-HeapString,65608,0.153,0.193
ExpA_100pct_Inline,1009,SymTabV3,139080,0.086,0.129
ExpA_100pct_Inline,1009,SymTabV4,139080,0.094,0.129
ExpA_100pct_Inline,1010,Conventional,65608,0.093,0.185
ExpA_100pct_Inline,1010,Interned,681312,0.108,0.181
ExpA_100pct_Inline,1010,Conventional-HeapString,65608,0.153,0.196
ExpA_100pct_Inline,1010,SymTabV3,139080,0.089,0.127
ExpA_100pct_Inline,1010,SymTabV4,139096,0.087,0.122
ExpA_100pct_Inline,1011,Conventional,65608,0.083,0.111
ExpA_100pct_Inline,1011,Interned,681344,0.098,0.133
ExpA_100pct_Inline,1011,Conventional-HeapString,65608,0.145,0.184
ExpA_100pct_Inline,1011,SymTabV3,139080,0.078,0.105
ExpA_100pct_Inline,1011,SymTabV4,139080,0.084,0.12
ExpA_100pct_Inline,1012,Conventional,65608,0.092,0.122
ExpA_100pct_Inline,1012,Interned,681312,0.108,0.18
ExpA_100pct_Inline,1012,Conventional-HeapString,65608,0.154,0.197
ExpA_100pct_Inline,1012,SymTabV3,139080,0.084,0.129
ExpA_100pct_Inline,1012,SymTabV4,139080,0.084,0.107
ExpA_100pct_Inline,1013,Conventional,65608,0.089,0.116
ExpA_100pct_Inline,1013,Interned,681344,0.102,0.138
ExpA_100pct_Inline,1013,Conventional-HeapString,65608,0.142,0.188
ExpA_100pct_Inline,1013,SymTabV3,139080,0.085,0.122
ExpA_100pct_Inline,1013,SymTabV4,139080,0.084,0.122
ExpA_100pct_Inline,1014,Conventional,65608,0.08,0.099
ExpA_100pct_Inline,1014,Interned,681344,0.098,0.13
ExpA_100pct_Inline,1014,Conventional-HeapString,65608,0.143,0.182
ExpA_100pct_Inline,1014,SymTabV3,139080,0.089,0.126
ExpA_100pct_Inline,1014,SymTabV4,139080,0.095,0.13
ExpA_100pct_Inline,1015,Conventional,65608,0.094,0.13
ExpA_100pct_Inline,1015,Interned,681280,0.108,0.146
ExpA_100pct_Inline,1015,Conventional-HeapString,65608,0.122,0.169
ExpA_100pct_Inline,1015,SymTabV3,139080,0.08,0.118
ExpA_100pct_Inline,1015,SymTabV4,139080,0.082,0.116
ExpA_100pct_Inline,1016,Conventional,65608,0.078,0.109
ExpA_100pct_Inline,1016,Interned,681296,0.102,0.165
ExpA_100pct_Inline,1016,Conventional-HeapString,65608,0.15,0.203
ExpA_100pct_Inline,1016,SymTabV3,139080,0.085,0.121
ExpA_100pct_Inline,1016,SymTabV4,139080,0.086,0.126
ExpA_100pct_Inline,1017,Conventional,65608,0.078,0.102
ExpA_100pct_Inline,1017,Interned,681296,0.092,0.119
ExpA_100pct_Inline,1017,Conventional-HeapString,65608,0.114,0.142
ExpA_100pct_Inline,1017,SymTabV3,139080,0.074,0.112
ExpA_100pct_Inline,1017,SymTabV4,139080,0.091,0.123
ExpA_100pct_Inline,1018,Conventional,65608,0.087,0.113
ExpA_100pct_Inline,1018,Interned,681296,0.101,0.136
ExpA_100pct_Inline,1018,Conventional-HeapString,65608,0.144,0.181
ExpA_100pct_Inline,1018,SymTabV3,139080,0.09,0.129
ExpA_100pct_Inline,1018,SymTabV4,139080,0.095,0.131
ExpA_100pct_Inline,1019,Conventional,65608,0.082,0.112
ExpA_100pct_Inline,1019,Interned,681344,0.116,0.174
ExpA_100pct_Inline,1019,Conventional-HeapString,65608,0.185,0.231
ExpA_100pct_Inline,1019,SymTabV3,139080,0.1,0.205
ExpA_100pct_Inline,1019,SymTabV4,139080,0.086,0.168
ExpA_100pct_Inline,1020,Conventional,65608,0.081,0.101
ExpA_100pct_Inline,1020,Interned,681360,0.097,0.127
ExpA_100pct_Inline,1020,Conventional-HeapString,65608,0.116,0.161
ExpA_100pct_Inline,1020,SymTabV3,139080,0.081,0.122
ExpA_100pct_Inline,1020,SymTabV4,139080,0.088,0.121
ExpA_100pct_Inline,1021,Conventional,65608,0.094,0.126
ExpA_100pct_Inline,1021,Interned,681328,0.108,0.146
ExpA_100pct_Inline,1021,Conventional-HeapString,65608,0.15,0.192
ExpA_100pct_Inline,1021,SymTabV3,139080,0.085,0.132
ExpA_100pct_Inline,1021,SymTabV4,139080,0.098,0.144
ExpA_100pct_Inline,1022,Conventional,65608,0.095,0.133
ExpA_100pct_Inline,1022,Interned,681344,0.099,0.137
ExpA_100pct_Inline,1022,Conventional-HeapString,65608,0.148,0.196
ExpA_100pct_Inline,1022,SymTabV3,139080,0.093,0.131
ExpA_100pct_Inline,1022,SymTabV4,139080,0.084,0.121
ExpA_100pct_Inline,1023,Conventional,65608,0.094,0.121
ExpA_100pct_Inline,1023,Interned,681280,0.108,0.148
ExpA_100pct_Inline,1023,Conventional-HeapString,65608,0.156,0.218
ExpA_100pct_Inline,1023,SymTabV3,139080,0.079,0.122
ExpA_100pct_Inline,1023,SymTabV4,139080,0.083,0.108
ExpA_100pct_Inline,1024,Conventional,65608,0.082,0.108
ExpA_100pct_Inline,1024,Interned,681344,0.097,0.125
ExpA_100pct_Inline,1024,Conventional-HeapString,65608,0.115,0.153
ExpA_100pct_Inline,1024,SymTabV3,139080,0.073,0.096
ExpA_100pct_Inline,1024,SymTabV4,139080,0.081,0.109
ExpA_100pct_Inline,1025,Conventional,65608,0.087,0.112
ExpA_100pct_Inline,1025,Interned,681328,0.1,0.135
ExpA_100pct_Inline,1025,Conventional-HeapString,65608,0.14,0.178
ExpA_100pct_Inline,1025,SymTabV3,139080,0.093,0.132
ExpA_100pct_Inline,1025,SymTabV4,139080,0.096,0.133
ExpA_100pct_Inline,1026,Conventional,65608,0.094,0.121
ExpA_100pct_Inline,1026,Interned,681264,0.099,0.13
ExpA_100pct_Inline,1026,Conventional-HeapString,65608,0.126,0.216
ExpA_100pct_Inline,1026,SymTabV3,139080,0.074,0.112
ExpA_100pct_Inline,1026,SymTabV4,139080,0.078,0.105
ExpA_100pct_Inline,1027,Conventional,65608,0.075,0.094
ExpA_100pct_Inline,1027,Interned,681344,0.092,0.119
ExpA_100pct_Inline,1027,Conventional-HeapString,65608,0.113,0.146
ExpA_100pct_Inline,1027,SymTabV3,139080,0.079,0.113
ExpA_100pct_Inline,1027,SymTabV4,139080,0.08,0.102
ExpA_100pct_Inline,1028,Conventional,65608,0.077,0.095
ExpA_100pct_Inline,1028,Interned,681312,0.093,0.126
ExpA_100pct_Inline,1028,Conventional-HeapString,65608,0.115,0.154
ExpA_100pct_Inline,1028,SymTabV3,139080,0.088,0.166
ExpA_100pct_Inline,1028,SymTabV4,139096,0.089,0.146
ExpA_100pct_Inline,1029,Conventional,65608,0.08,0.101
ExpA_100pct_Inline,1029,Interned,681344,0.102,0.135
ExpA_100pct_Inline,1029,Conventional-HeapString,65608,0.143,0.185
ExpA_100pct_Inline,1029,SymTabV3,139080,0.089,0.131
ExpA_100pct_Inline,1029,SymTabV4,139080,0.098,0.151
ExpB_90_10_Mix,1000,Conventional,65608,0.089,0.133
ExpB_90_10_Mix,1000,Interned,721296,0.106,0.149
ExpB_90_10_Mix,1000,Conventional-HeapString,65608,0.123,0.19
ExpB_90_10_Mix,1000,SymTabV3,139800,0.078,0.49
ExpB_90_10_Mix,1000,SymTabV4,159960,0.083,0.569
ExpB_90_10_Mix,1001,Conventional,65608,0.076,0.096
ExpB_90_10_Mix,1001,Interned,721296,0.092,0.12
ExpB_90_10_Mix,1001,Conventional-HeapString,65608,0.117,0.183
ExpB_90_10_Mix,1001,SymTabV3,139800,0.075,0.486
ExpB_90_10_Mix,1001,SymTabV4,159960,0.079,0.525
ExpB_90_10_Mix,1002,Conventional,65608,0.077,0.108
ExpB_90_10_Mix,1002,Interned,721328,0.095,0.131
ExpB_90_10_Mix,1002,Conventional-HeapString,65608,0.15,0.216
ExpB_90_10_Mix,1002,SymTabV3,139800,0.092,0.654
ExpB_90_10_Mix,1002,SymTabV4,159960,0.098,0.73
ExpB_90_10_Mix,1003,Conventional,65608,0.095,0.168
ExpB_90_10_Mix,1003,Interned,721344,0.113,0.231
ExpB_90_10_Mix,1003,Conventional-HeapString,65608,0.155,0.221
ExpB_90_10_Mix,1003,SymTabV3,139800,0.094,0.684
ExpB_90_10_Mix,1003,SymTabV4,159960,0.098,0.791
ExpB_90_10_Mix,1004,Conventional,65608,0.087,0.123
ExpB_90_10_Mix,1004,Interned,721328,0.108,0.159
ExpB_90_10_Mix,1004,Conventional-HeapString,65608,0.122,0.178
ExpB_90_10_Mix,1004,SymTabV3,139800,0.079,0.521
ExpB_90_10_Mix,1004,SymTabV4,159960,0.085,0.538
ExpB_90_10_Mix,1005,Conventional,65608,0.081,0.1
ExpB_90_10_Mix,1005,Interned,721360,0.105,0.141
ExpB_90_10_Mix,1005,Conventional-HeapString,65608,0.155,0.261
ExpB_90_10_Mix,1005,SymTabV3,139800,0.096,0.652
ExpB_90_10_Mix,1005,SymTabV4,159960,0.094,0.667
ExpB_90_10_Mix,1006,Conventional,65608,0.081,0.101
ExpB_90_10_Mix,1006,Interned,721376,0.098,0.134
ExpB_90_10_Mix,1006,Conventional-HeapString,65608,0.124,0.192
ExpB_90_10_Mix,1006,SymTabV3,139800,0.079,0.517
ExpB_90_10_Mix,1006,SymTabV4,159960,0.089,0.617
ExpB_90_10_Mix,1007,Conventional,65608,0.093,0.125
ExpB_90_10_Mix,1007,Interned,721392,0.107,0.146
ExpB_90_10_Mix,1007,Conventional-HeapString,65608,0.123,0.189
ExpB_90_10_Mix,1007,SymTabV3,139800,0.081,0.57
ExpB_90_10_Mix,1007,SymTabV4,159960,0.097,0.729
ExpB_90_10_Mix,1008,Conventional,65608,0.092,0.121
ExpB_90_10_Mix,1008,Interned,721360,0.108,0.149
ExpB_90_10_Mix,1008,Conventional-HeapString,65608,0.155,0.234
ExpB_90_10_Mix,1008,SymTabV3,139800,0.084,0.55
ExpB_90_10_Mix,1008,SymTabV4,159960,0.085,0.562
ExpB_90_10_Mix,1009,Conventional,65608,0.081,0.108
ExpB_90_10_Mix,1009,Interned,721328,0.098,0.128
ExpB_90_10_Mix,1009,Conventional-HeapString,65608,0.124,0.193
ExpB_90_10_Mix,1009,SymTabV3,139800,0.094,0.725
ExpB_90_10_Mix,1009,SymTabV4,159960,0.097,0.705
ExpB_90_10_Mix,1010,Conventional,65608,0.081,0.11
ExpB_90_10_Mix,1010,Interned,721328,0.109,0.146
ExpB_90_10_Mix,1010,Conventional-HeapString,65608,0.154,0.223
ExpB_90_10_Mix,1010,SymTabV3,139800,0.087,0.592
ExpB_90_10_Mix,1010,SymTabV4,159960,0.098,0.686
ExpB_90_10_Mix,1011,Conventional,65608,0.097,0.127
ExpB_90_10_Mix,1011,Interned,721360,0.109,0.148
ExpB_90_10_Mix,1011,Conventional-HeapString,65608,0.154,0.214
ExpB_90_10_Mix,1011,SymTabV3,139800,0.093,0.706
ExpB_90_10_Mix,1011,SymTabV4,159960,0.097,0.742
ExpB_90_10_Mix,1012,Conventional,65608,0.083,0.111
ExpB_90_10_Mix,1012,Interned,721312,0.1,0.14
ExpB_90_10_Mix,1012,Conventional-HeapString,65608,0.124,0.193
ExpB_90_10_Mix,1012,SymTabV3,139800,0.085,0.581
ExpB_90_10_Mix,1012,SymTabV4,159960,0.091,0.632
ExpB_90_10_Mix,1013,Conventional,65608,0.095,0.128
ExpB_90_10_Mix,1013,Interned,721344,0.109,0.146
ExpB_90_10_Mix,1013,Conventional-HeapString,65608,0.15,0.209
ExpB_90_10_Mix,1013,SymTabV3,139800,0.083,0.562
ExpB_90_10_Mix,1013,SymTabV4,159960,0.088,0.593
ExpB_90_10_Mix,1014,Conventional,65608,0.082,0.104
ExpB_90_10_Mix,1014,Interned,721392,0.103,0.147
ExpB_90_10_Mix,1014,Conventional-HeapString,65608,0.152,0.218
ExpB_90_10_Mix,1014,SymTabV3,139800,0.094,0.748
ExpB_90_10_Mix,1014,SymTabV4,159960,0.088,0.63
ExpB_90_10_Mix,1015,Conventional,65608,0.094,0.129
ExpB_90_10_Mix,1015,Interned,721376,0.103,0.151
ExpB_90_10_Mix,1015,Conventional-HeapString,65608,0.126,0.206
ExpB_90_10_Mix,1015,SymTabV3,139800,0.089,0.6
ExpB_90_10_Mix,1015,SymTabV4,159960,0.093,0.669
ExpB_90_10_Mix,1016,Conventional,65608,0.123,0.149
ExpB_90_10_Mix,1016,Interned,721360,0.124,0.164
ExpB_90_10_Mix,1016,Conventional-HeapString,65608,0.186,0.303
ExpB_90_10_Mix,1016,SymTabV3,139800,0.096,0.677
ExpB_90_10_Mix,1016,SymTabV4,159960,0.093,0.674
ExpB_90_10_Mix,1017,Conventional,65608,0.083,0.115
ExpB_90_10_Mix,1017,Interned,721392,0.104,0.146
ExpB_90_10_Mix,1017,Conventional-HeapString,65608,0.155,0.218
ExpB_90_10_Mix,1017,SymTabV3,139800,0.093,0.661
ExpB_90_10_Mix,1017,SymTabV4,159960,0.085,0.562
ExpB_90_10_Mix,1018,Conventional,65608,0.081,0.103
ExpB_90_10_Mix,1018,Interned,721312,0.098,0.127
ExpB_90_10_Mix,1018,Conventional-HeapString,65608,0.123,0.189
ExpB_90_10_Mix,1018,SymTabV3,139800,0.079,0.521
ExpB_90_10_Mix,1018,SymTabV4,159960,0.085,0.555
ExpB_90_10_Mix,1019,Conventional,65608,0.082,0.111
ExpB_90_10_Mix,1019,Interned,721424,0.104,0.142
ExpB_90_10_Mix,1019,Conventional-HeapString,65608,0.147,0.208
ExpB_90_10_Mix,1019,SymTabV3,139800,0.082,0.567
ExpB_90_10_Mix,1019,SymTabV4,159960,0.08,0.52
ExpB_90_10_Mix,1020,Conventional,65608,0.087,0.116
ExpB_90_10_Mix,1020,Interned,721280,0.103,0.143
ExpB_90_10_Mix,1020,Conventional-HeapString,65608,0.147,0.212
ExpB_90_10_Mix,1020,SymTabV3,139800,0.095,0.684
ExpB_90_10_Mix,1020,SymTabV4,159960,0.126,0.778
ExpB_90_10_Mix,1021,Conventional,65608,0.081,0.1
ExpB_90_10_Mix,1021,Interned,721360,0.099,0.132
ExpB_90_10_Mix,1021,Conventional-HeapString,65608,0.121,0.188
ExpB_90_10_Mix,1021,SymTabV3,139800,0.079,0.515
ExpB_90_10_Mix,1021,SymTabV4,159960,0.082,0.562
ExpB_90_10_Mix,1022,Conventional,65608,0.077,0.104
ExpB_90_10_Mix,1022,Interned,721344,0.092,0.121
ExpB_90_10_Mix,1022,Conventional-HeapString,65608,0.115,0.176
ExpB_90_10_Mix,1022,SymTabV3,139800,0.09,0.658
ExpB_90_10_Mix,1022,SymTabV4,159960,0.093,0.706
ExpB_90_10_Mix,1023,Conventional,65608,0.094,0.126
ExpB_90_10_Mix,1023,Interned,721344,0.105,0.144
ExpB_90_10_Mix,1023,Conventional-HeapString,65608,0.153,0.214
ExpB_90_10_Mix,1023,SymTabV3,139800,0.094,0.691
ExpB_90_10_Mix,1023,SymTabV4,159960,0.085,0.556
ExpB_90_10_Mix,1024,Conventional,65608,0.081,0.1
ExpB_90_10_Mix,1024,Interned,721312,0.093,0.12
ExpB_90_10_Mix,1024,Conventional-HeapString,65608,0.116,0.181
ExpB_90_10_Mix,1024,SymTabV3,139800,0.076,0.507
ExpB_90_10_Mix,1024,SymTabV4,159960,0.081,0.534
ExpB_90_10_Mix,1025,Conventional,65608,0.076,0.094
ExpB_90_10_Mix,1025,Interned,721392,0.092,0.12
ExpB_90_10_Mix,1025,Conventional-HeapString,65608,0.115,0.172
ExpB_90_10_Mix,1025,SymTabV3,139800,0.075,0.488
ExpB_90_10_Mix,1025,SymTabV4,159960,0.079,0.508
ExpB_90_10_Mix,1026,Conventional,65608,0.087,0.113
ExpB_90_10_Mix,1026,Interned,721328,0.102,0.138
ExpB_90_10_Mix,1026,Conventional-HeapString,65608,0.116,0.183
ExpB_90_10_Mix,1026,SymTabV3,139800,0.078,0.548
ExpB_90_10_Mix,1026,SymTabV4,159960,0.091,0.711
ExpB_90_10_Mix,1027,Conventional,65608,0.087,0.116
ExpB_90_10_Mix,1027,Interned,721328,0.101,0.138
ExpB_90_10_Mix,1027,Conventional-HeapString,65608,0.146,0.208
ExpB_90_10_Mix,1027,SymTabV3,139800,0.085,0.594
ExpB_90_10_Mix,1027,SymTabV4,159960,0.096,0.724
ExpB_90_10_Mix,1028,Conventional,65608,0.082,0.11
ExpB_90_10_Mix,1028,Interned,721424,0.093,0.127
ExpB_90_10_Mix,1028,Conventional-HeapString,65608,0.114,0.165
ExpB_90_10_Mix,1028,SymTabV3,139800,0.074,0.471
ExpB_90_10_Mix,1028,SymTabV4,159960,0.079,0.509
ExpB_90_10_Mix,1029,Conventional,65608,0.077,0.095
ExpB_90_10_Mix,1029,Interned,721360,0.103,0.19
ExpB_90_10_Mix,1029,Conventional-HeapString,65608,0.152,0.216
ExpB_90_10_Mix,1029,SymTabV3,139800,0.089,0.6
ExpB_90_10_Mix,1029,SymTabV4,159960,0.079,0.511
ExpC_70_30_Mix,1000,Conventional,65608,0.078,0.114
ExpC_70_30_Mix,1000,Interned,801312,0.098,0.133
ExpC_70_30_Mix,1000,Conventional-HeapString,65608,0.133,0.196
ExpC_70_30_Mix,1000,SymTabV3,141912,0.092,0.891
ExpC_70_30_Mix,1000,SymTabV4,223512,0.107,0.98
ExpC_70_30_Mix,1001,Conventional,65608,0.096,0.176
ExpC_70_30_Mix,1001,Interned,801312,0.112,0.219
ExpC_70_30_Mix,1001,Conventional-HeapString,65608,0.165,0.237
ExpC_70_30_Mix,1001,SymTabV3,141912,0.094,0.736
ExpC_70_30_Mix,1001,SymTabV4,223512,0.1,0.891
ExpC_70_30_Mix,1002,Conventional,65608,0.094,0.13
ExpC_70_30_Mix,1002,Interned,801328,0.102,0.131
ExpC_70_30_Mix,1002,Conventional-HeapString,65608,0.123,0.19
ExpC_70_30_Mix,1002,SymTabV3,141912,0.094,0.692
ExpC_70_30_Mix,1002,SymTabV4,223512,0.096,0.878
ExpC_70_30_Mix,1003,Conventional,65608,0.095,0.147
ExpC_70_30_Mix,1003,Interned,801392,0.099,0.128
ExpC_70_30_Mix,1003,Conventional-HeapString,65608,0.142,0.198
ExpC_70_30_Mix,1003,SymTabV3,141912,0.083,0.651
ExpC_70_30_Mix,1003,SymTabV4,223512,0.083,0.689
ExpC_70_30_Mix,1004,Conventional,65608,0.078,0.113
ExpC_70_30_Mix,1004,Interned,801408,0.105,0.142
ExpC_70_30_Mix,1004,Conventional-HeapString,65608,0.162,0.237
ExpC_70_30_Mix,1004,SymTabV3,141912,0.1,0.957
ExpC_70_30_Mix,1004,SymTabV4,223512,0.091,0.753
ExpC_70_30_Mix,1005,Conventional,65608,0.078,0.097
ExpC_70_30_Mix,1005,Interned,801328,0.097,0.133
ExpC_70_30_Mix,1005,Conventional-HeapString,65608,0.145,0.211
ExpC_70_30_Mix,1005,SymTabV3,141912,0.093,0.748
ExpC_70_30_Mix,1005,SymTabV4,223512,0.111,1.006
ExpC_70_30_Mix,1006,Conventional,65608,0.091,0.13
ExpC_70_30_Mix,1006,Interned,801312,0.102,0.141
ExpC_70_30_Mix,1006,Conventional-HeapString,65608,0.135,0.207
ExpC_70_30_Mix,1006,SymTabV3,141912,0.108,0.96
ExpC_70_30_Mix,1006,SymTabV4,223512,0.107,0.981
ExpC_70_30_Mix,1007,Conventional,65608,0.093,0.14
ExpC_70_30_Mix,1007,Interned,801328,0.109,0.203
ExpC_70_30_Mix,1007,Conventional-HeapString,65608,0.152,0.211
ExpC_70_30_Mix,1007,SymTabV3,141912,0.103,0.899
ExpC_70_30_Mix,1007,SymTabV4,223512,0.099,0.833
ExpC_70_30_Mix,1008,Conventional,65608,0.089,0.124
ExpC_70_30_Mix,1008,Interned,801392,0.109,0.157
ExpC_70_30_Mix,1008,Conventional-HeapString,65608,0.144,0.214
ExpC_70_30_Mix,1008,SymTabV3,141912,0.101,0.846
ExpC_70_30_Mix,1008,SymTabV4,223512,0.105,0.931
ExpC_70_30_Mix,1009,Conventional,65608,0.092,0.13
ExpC_70_30_Mix,1009,Interned,801344,0.109,0.148
ExpC_70_30_Mix,1009,Conventional-HeapString,65608,0.159,0.229
ExpC_70_30_Mix,1009,SymTabV3,141912,0.11,0.858
ExpC_70_30_Mix,1009,SymTabV4,223512,0.107,1.036
ExpC_70_30_Mix,1010,Conventional,65608,0.124,0.151
ExpC_70_30_Mix,1010,Interned,801328,0.128,0.163
ExpC_70_30_Mix,1010,Conventional-HeapString,65608,0.187,0.304
ExpC_70_30_Mix,1010,SymTabV3,141912,0.138,1.171
ExpC_70_30_Mix,1010,SymTabV4,223512,0.131,1.181
ExpC_70_30_Mix,1011,Conventional,65608,0.125,0.163
ExpC_70_30_Mix,1011,Interned,801360,0.134,0.178
ExpC_70_30_Mix,1011,Conventional-HeapString,65608,0.19,0.321
ExpC_70_30_Mix,1011,SymTabV3,141912,0.131,1.094
ExpC_70_30_Mix,1011,SymTabV4,223512,0.133,1.161
ExpC_70_30_Mix,1012,Conventional,65608,0.126,0.157
ExpC_70_30_Mix,1012,Interned,801392,0.132,0.176
ExpC_70_30_Mix,1012,Conventional-HeapString,65608,0.189,0.317
ExpC_70_30_Mix,1012,SymTabV3,141912,0.13,1.068
ExpC_70_30_Mix,1012,SymTabV4,223512,0.134,1.146
ExpC_70_30_Mix,1013,Conventional,65608,0.125,0.152
ExpC_70_30_Mix,1013,Interned,801344,0.13,0.166
ExpC_70_30_Mix,1013,Conventional-HeapString,65608,0.19,0.296
ExpC_70_30_Mix,1013,SymTabV3,141912,0.139,1.074
ExpC_70_30_Mix,1013,SymTabV4,223512,0.134,1.143
ExpC_70_30_Mix,1014,Conventional,65608,0.124,0.15
ExpC_70_30_Mix,1014,Interned,801328,0.133,0.173
ExpC_70_30_Mix,1014,Conventional-HeapString,65608,0.126,0.195
ExpC_70_30_Mix,1014,SymTabV3,141912,0.094,0.77
ExpC_70_30_Mix,1014,SymTabV4,223512,0.113,1.024
ExpC_70_30_Mix,1015,Conventional,65608,0.093,0.126
ExpC_70_30_Mix,1015,Interned,801328,0.107,0.151
ExpC_70_30_Mix,1015,Conventional-HeapString,65608,0.161,0.239
ExpC_70_30_Mix,1015,SymTabV3,141912,0.126,0.937
ExpC_70_30_Mix,1015,SymTabV4,223512,0.12,0.954
ExpC_70_30_Mix,1016,Conventional,65608,0.094,0.123
ExpC_70_30_Mix,1016,Interned,801328,0.105,0.143
ExpC_70_30_Mix,1016,Conventional-HeapString,65608,0.143,0.209
ExpC_70_30_Mix,1016,SymTabV3,141912,0.096,0.814
ExpC_70_30_Mix,1016,SymTabV4,223512,0.093,0.733
ExpC_70_30_Mix,1017,Conventional,65608,0.096,0.125
ExpC_70_30_Mix,1017,Interned,801296,0.11,0.162
ExpC_70_30_Mix,1017,Conventional-HeapString,65608,0.16,0.24
ExpC_70_30_Mix,1017,SymTabV3,141912,0.107,0.94
ExpC_70_30_Mix,1017,SymTabV4,223512,0.106,0.931
ExpC_70_30_Mix,1018,Conventional,65608,0.082,0.101
ExpC_70_30_Mix,1018,Interned,801392,0.103,0.145
ExpC_70_30_Mix,1018,Conventional-HeapString,65608,0.126,0.193
ExpC_70_30_Mix,1018,SymTabV3,141912,0.096,0.739
ExpC_70_30_Mix,1018,SymTabV4,223512,0.09,0.755
ExpC_70_30_Mix,1019,Conventional,65608,0.082,0.107
ExpC_70_30_Mix,1019,Interned,801360,0.099,0.128
ExpC_70_30_Mix,1019,Conventional-HeapString,65608,0.161,0.236
ExpC_70_30_Mix,1019,SymTabV3,141912,0.107,0.883
ExpC_70_30_Mix,1019,SymTabV4,223512,0.124,0.975
ExpC_70_30_Mix,1020,Conventional,65608,0.082,0.113
ExpC_70_30_Mix,1020,Interned,801344,0.109,0.145
ExpC_70_30_Mix,1020,Conventional-HeapString,65608,0.16,0.228
ExpC_70_30_Mix,1020,SymTabV3,141912,0.1,0.859
ExpC_70_30_Mix,1020,SymTabV4,223512,0.092,0.769
ExpC_70_30_Mix,1021,Conventional,65608,0.082,0.101
ExpC_70_30_Mix,1021,Interned,801328,0.103,0.143
ExpC_70_30_Mix,1021,Conventional-HeapString,65608,0.151,0.209
ExpC_70_30_Mix,1021,SymTabV3,141912,0.085,0.684
ExpC_70_30_Mix,1021,SymTabV4,223512,0.106,0.998
ExpC_70_30_Mix,1022,Conventional,65608,0.096,0.131
ExpC_70_30_Mix,1022,Interned,801376,0.111,0.148
ExpC_70_30_Mix,1022,Conventional-HeapString,65608,0.158,0.223
ExpC_70_30_Mix,1022,SymTabV3,141912,0.1,0.876
ExpC_70_30_Mix,1022,SymTabV4,223512,0.101,0.892
ExpC_70_30_Mix,1023,Conventional,65608,0.091,0.126
ExpC_70_30_Mix,1023,Interned,801376,0.105,0.22
ExpC_70_30_Mix,1023,Conventional-HeapString,65608,0.188,0.34
ExpC_70_30_Mix,1023,SymTabV3,141912,0.084,0.681
ExpC_70_30_Mix,1023,SymTabV4,223512,0.091,0.743
ExpC_70_30_Mix,1024,Conventional,65608,0.09,0.128
ExpC_70_30_Mix,1024,Interned,801360,0.099,0.128
ExpC_70_30_Mix,1024,Conventional-HeapString,65608,0.15,0.212
ExpC_70_30_Mix,1024,SymTabV3,141912,0.097,0.747
ExpC_70_30_Mix,1024,SymTabV4,223512,0.102,0.954
ExpC_70_30_Mix,1025,Conventional,65608,0.088,0.124
ExpC_70_30_Mix,1025,Interned,801312,0.109,0.201
ExpC_70_30_Mix,1025,Conventional-HeapString,65608,0.159,0.239
ExpC_70_30_Mix,1025,SymTabV3,141912,0.11,0.923
ExpC_70_30_Mix,1025,SymTabV4,223512,0.1,0.804
ExpC_70_30_Mix,1026,Conventional,65608,0.083,0.106
ExpC_70_30_Mix,1026,Interned,801424,0.099,0.133
ExpC_70_30_Mix,1026,Conventional-HeapString,65608,0.161,0.234
ExpC_70_30_Mix,1026,SymTabV3,141912,0.101,0.938
ExpC_70_30_Mix,1026,SymTabV4,223512,0.096,0.777
ExpC_70_30_Mix,1027,Conventional,65608,0.082,0.103
ExpC_70_30_Mix,1027,Interned,801344,0.099,0.13
ExpC_70_30_Mix,1027,Conventional-HeapString,65608,0.128,0.197
ExpC_70_30_Mix,1027,SymTabV3,141912,0.085,0.662
ExpC_70_30_Mix,1027,SymTabV4,223512,0.089,0.69
ExpC_70_30_Mix,1028,Conventional,65608,0.088,0.117
ExpC_70_30_Mix,1028,Interned,801408,0.103,0.138
ExpC_70_30_Mix,1028,Conventional-HeapString,65608,0.15,0.216
ExpC_70_30_Mix,1028,SymTabV3,141912,0.105,0.933
ExpC_70_30_Mix,1028,SymTabV4,223512,0.109,1.011
ExpC_70_30_Mix,1029,Conventional,65608,0.094,0.129
ExpC_70_30_Mix,1029,Interned,801344,0.108,0.147
ExpC_70_30_Mix,1029,Conventional-HeapString,65608,0.123,0.186
ExpC_70_30_Mix,1029,SymTabV3,141912,0.076,0.639
ExpC_70_30_Mix,1029,SymTabV4,223512,0.083,0.685
ExpD_Length32_k4,1000,Conventional,33176,0.081,0.091
ExpD_Length32_k4,1000,Interned,215008,0.099,0.114
ExpD_Length32_k4,1000,Conventional-HeapString,33176,0.179,0.216
ExpD_Length32_k4,1000,SymTabV3,109768,0.145,0.722
ExpD_Length32_k4,1000,SymTabV4,150408,0.15,0.723
ExpD_Length32_k4,1001,Conventional,33176,0.096,0.127
ExpD_Length32_k4,1001,Interned,215200,0.11,0.13
ExpD_Length32_k4,1001,Conventional-HeapString,33176,0.207,0.241
ExpD_Length32_k4,1001,SymTabV3,109768,0.161,0.948
ExpD_Length32_k4,1001,SymTabV4,150408,0.165,0.944
ExpD_Length32_k4,1002,Conventional,33176,0.086,0.093
ExpD_Length32_k4,1002,Interned,215104,0.105,0.143
ExpD_Length32_k4,1002,Conventional-HeapString,33176,0.189,0.222
ExpD_Length32_k4,1002,SymTabV3,109768,0.143,0.666
ExpD_Length32_k4,1002,SymTabV4,150408,0.151,0.707
ExpD_Length32_k4,1003,Conventional,33176,0.081,0.105
ExpD_Length32_k4,1003,Interned,215168,0.099,0.118
ExpD_Length32_k4,1003,Conventional-HeapString,33176,0.208,0.274
ExpD_Length32_k4,1003,SymTabV3,109768,0.159,0.961
ExpD_Length32_k4,1003,SymTabV4,150408,0.149,0.733
ExpD_Length32_k4,1004,Conventional,33176,0.094,0.107
ExpD_Length32_k4,1004,Interned,215216,0.111,0.15
ExpD_Length32_k4,1004,Conventional-HeapString,33176,0.207,0.235
ExpD_Length32_k4,1004,SymTabV3,109768,0.152,0.909
ExpD_Length32_k4,1004,SymTabV4,150408,0.151,0.72
ExpD_Length32_k4,1005,Conventional,33176,0.093,0.134
ExpD_Length32_k4,1005,Interned,215152,0.111,0.175
ExpD_Length32_k4,1005,Conventional-HeapString,33176,0.201,0.27
ExpD_Length32_k4,1005,SymTabV3,109768,0.212,0.978
ExpD_Length32_k4,1005,SymTabV4,150408,0.159,1.014
ExpD_Length32_k4,1006,Conventional,33176,0.087,0.1
ExpD_Length32_k4,1006,Interned,215152,0.106,0.128
ExpD_Length32_k4,1006,Conventional-HeapString,33176,0.218,0.258
ExpD_Length32_k4,1006,SymTabV3,109768,0.17,0.83
ExpD_Length32_k4,1006,SymTabV4,150408,0.171,0.936
ExpD_Length32_k4,1007,Conventional,33176,0.096,0.122
ExpD_Length32_k4,1007,Interned,215216,0.117,0.141
ExpD_Length32_k4,1007,Conventional-HeapString,33176,0.224,0.273
ExpD_Length32_k4,1007,SymTabV3,109768,0.172,0.876
ExpD_Length32_k4,1007,SymTabV4,150408,0.173,1.06
ExpD_Length32_k4,1008,Conventional,33176,0.096,0.12
ExpD_Length32_k4,1008,Interned,215088,0.113,0.139
ExpD_Length32_k4,1008,Conventional-HeapString,33176,0.196,0.274
ExpD_Length32_k4,1008,SymTabV3,109768,0.157,0.79
ExpD_Length32_k4,1008,SymTabV4,150408,0.166,0.848
ExpD_Length32_k4,1009,Conventional,33176,0.093,0.124
ExpD_Length32_k4,1009,Interned,215248,0.115,0.143
ExpD_Length32_k4,1009,Conventional-HeapString,33176,0.226,0.291
ExpD_Length32_k4,1009,SymTabV3,109768,0.173,1.007
ExpD_Length32_k4,1009,SymTabV4,150408,0.18,1.1
ExpD_Length32_k4,1010,Conventional,33176,0.101,0.114
ExpD_Length32_k4,1010,Interned,215264,0.12,0.15
ExpD_Length32_k4,1010,Conventional-HeapString,33176,0.222,0.256
ExpD_Length32_k4,1010,SymTabV3,109768,0.171,0.937
ExpD_Length32_k4,1010,SymTabV4,150408,0.176,1.01
ExpD_Length32_k4,1011,Conventional,33176,0.099,0.114
ExpD_Length32_k4,1011,Interned,215184,0.118,0.172
ExpD_Length32_k4,1011,Conventional-HeapString,33176,0.223,0.258
ExpD_Length32_k4,1011,SymTabV3,109768,0.169,0.943
ExpD_Length32_k4,1011,SymTabV4,150408,0.179,0.996
ExpD_Length32_k4,1012,Conventional,33176,0.099,0.112
ExpD_Length32_k4,1012,Interned,215232,0.112,0.155
ExpD_Length32_k4,1012,Conventional-HeapString,33176,0.194,0.232
ExpD_Length32_k4,1012,SymTabV3,109768,0.155,0.745
ExpD_Length32_k4,1012,SymTabV4,150408,0.16,0.774
ExpD_Length32_k4,1013,Conventional,33176,0.09,0.107
ExpD_Length32_k4,1013,Interned,215264,0.11,0.129
ExpD_Length32_k4,1013,Conventional-HeapString,33176,0.223,0.298
ExpD_Length32_k4,1013,SymTabV3,109768,0.168,0.847
ExpD_Length32_k4,1013,SymTabV4,150408,0.229,1.091
ExpD_Length32_k4,1014,Conventional,33176,0.113,0.229
ExpD_Length32_k4,1014,Interned,215200,0.121,0.244
ExpD_Length32_k4,1014,Conventional-HeapString,33176,0.259,0.426
ExpD_Length32_k4,1014,SymTabV3,109768,0.226,1.004
ExpD_Length32_k4,1014,SymTabV4,150408,0.175,1.065
ExpD_Length32_k4,1015,Conventional,33176,0.1,0.135
ExpD_Length32_k4,1015,Interned,215120,0.118,0.157
ExpD_Length32_k4,1015,Conventional-HeapString,33176,0.224,0.312
ExpD_Length32_k4,1015,SymTabV3,109768,0.166,1.018
ExpD_Length32_k4,1015,SymTabV4,150408,0.17,1.029
ExpD_Length32_k4,1016,Conventional,33176,0.099,0.128
ExpD_Length32_k4,1016,Interned,215264,0.117,0.136
ExpD_Length32_k4,1016,Conventional-HeapString,33176,0.22,0.293
ExpD_Length32_k4,1016,SymTabV3,109768,0.17,1.009
ExpD_Length32_k4,1016,SymTabV4,150408,0.17,1.021
ExpD_Length32_k4,1017,Conventional,33176,0.1,0.168
ExpD_Length32_k4,1017,Interned,215184,0.116,0.181
ExpD_Length32_k4,1017,Conventional-HeapString,33176,0.197,0.241
ExpD_Length32_k4,1017,SymTabV3,109768,0.166,0.795
ExpD_Length32_k4,1017,SymTabV4,150408,0.177,0.894
ExpD_Length32_k4,1018,Conventional,33176,0.103,0.114
ExpD_Length32_k4,1018,Interned,215184,0.119,0.137
ExpD_Length32_k4,1018,Conventional-HeapString,33176,0.222,0.247
ExpD_Length32_k4,1018,SymTabV3,109768,0.164,0.886
ExpD_Length32_k4,1018,SymTabV4,150408,0.174,1.016
ExpD_Length32_k4,1019,Conventional,33176,0.097,0.114
ExpD_Length32_k4,1019,Interned,215248,0.118,0.14
ExpD_Length32_k4,1019,Conventional-HeapString,33176,0.22,0.291
ExpD_Length32_k4,1019,SymTabV3,109768,0.17,1.021
ExpD_Length32_k4,1019,SymTabV4,150408,0.168,1.043
ExpD_Length32_k4,1020,Conventional,33176,0.093,0.113
ExpD_Length32_k4,1020,Interned,215184,0.11,0.13
ExpD_Length32_k4,1020,Conventional-HeapString,33176,0.218,0.253
ExpD_Length32_k4,1020,SymTabV3,109768,0.169,0.889
ExpD_Length32_k4,1020,SymTabV4,150408,0.182,1.05
ExpD_Length32_k4,1021,Conventional,33176,0.102,0.133
ExpD_Length32_k4,1021,Interned,215072,0.122,0.145
ExpD_Length32_k4,1021,Conventional-HeapString,33176,0.228,0.292
ExpD_Length32_k4,1021,SymTabV3,109768,0.171,1.014
ExpD_Length32_k4,1021,SymTabV4,150408,0.182,1.051
ExpD_Length32_k4,1022,Conventional,33176,0.101,0.139
ExpD_Length32_k4,1022,Interned,215168,0.118,0.163
ExpD_Length32_k4,1022,Conventional-HeapString,33176,0.222,0.313
ExpD_Length32_k4,1022,SymTabV3,109768,0.175,1.045
ExpD_Length32_k4,1022,SymTabV4,150408,0.175,1.059
ExpD_Length32_k4,1023,Conventional,33176,0.088,0.118
ExpD_Length32_k4,1023,Interned,215216,0.113,0.136
ExpD_Length32_k4,1023,Conventional-HeapString,33176,0.214,0.258
ExpD_Length32_k4,1023,SymTabV3,109768,0.165,0.963
ExpD_Length32_k4,1023,SymTabV4,150408,0.164,0.999
ExpD_Length32_k4,1024,Conventional,33176,0.087,0.104
ExpD_Length32_k4,1024,Interned,215200,0.108,0.132
ExpD_Length32_k4,1024,Conventional-HeapString,33176,0.205,0.293
ExpD_Length32_k4,1024,SymTabV3,109768,0.165,0.781
ExpD_Length32_k4,1024,SymTabV4,150408,0.171,0.991
ExpD_Length32_k4,1025,Conventional,33176,0.087,0.105
ExpD_Length32_k4,1025,Interned,215232,0.115,0.146
ExpD_Length32_k4,1025,Conventional-HeapString,33176,0.22,0.263
ExpD_Length32_k4,1025,SymTabV3,109768,0.171,1.029
ExpD_Length32_k4,1025,SymTabV4,150408,0.172,0.949
ExpD_Length32_k4,1026,Conventional,33176,0.09,0.138
ExpD_Length32_k4,1026,Interned,215168,0.116,0.142
ExpD_Length32_k4,1026,Conventional-HeapString,33176,0.2,0.256
ExpD_Length32_k4,1026,SymTabV3,109768,0.155,0.801
ExpD_Length32_k4,1026,SymTabV4,150408,0.162,0.772
ExpD_Length32_k4,1027,Conventional,33176,0.087,0.104
ExpD_Length32_k4,1027,Interned,215184,0.106,0.123
ExpD_Length32_k4,1027,Conventional-HeapString,33176,0.192,0.227
ExpD_Length32_k4,1027,SymTabV3,109768,0.159,0.735
ExpD_Length32_k4,1027,SymTabV4,150408,0.179,1.018
ExpD_Length32_k4,1028,Conventional,33176,0.1,0.122
ExpD_Length32_k4,1028,Interned,215232,0.119,0.143
ExpD_Length32_k4,1028,Conventional-HeapString,33176,0.223,0.266
ExpD_Length32_k4,1028,SymTabV3,109768,0.168,1.012
ExpD_Length32_k4,1028,SymTabV4,150424,0.167,1.049
ExpD_Length32_k4,1029,Conventional,33176,0.088,0.106
ExpD_Length32_k4,1029,Interned,215120,0.11,0.144
ExpD_Length32_k4,1029,Conventional-HeapString,33176,0.19,0.224
ExpD_Length32_k4,1029,SymTabV3,109768,0.153,0.73
ExpD_Length32_k4,1029,SymTabV4,150408,0.161,0.757
ExpE_ScopeChurn,1000,Conventional,227976,0.096,0.132
ExpE_ScopeChurn,1000,Interned,724896,0.108,0.111
ExpE_ScopeChurn,1000,Conventional-HeapString,206120,0.205,0.273
ExpE_ScopeChurn,1000,SymTabV3,366280,0.579,0.962
ExpE_ScopeChurn,1000,SymTabV4,431640,0.759,1.255
ExpE_ScopeChurn,1001,Conventional,227992,0.103,0.135
ExpE_ScopeChurn,1001,Interned,723936,0.121,0.139
ExpE_ScopeChurn,1001,Conventional-HeapString,206344,0.235,0.279
ExpE_ScopeChurn,1001,SymTabV3,366376,0.673,1.117
ExpE_ScopeChurn,1001,SymTabV4,431848,0.732,1.231
ExpE_ScopeChurn,1002,Conventional,228024,0.089,0.12
ExpE_ScopeChurn,1002,Interned,723680,0.101,0.106
ExpE_ScopeChurn,1002,Conventional-HeapString,206264,0.193,0.257
ExpE_ScopeChurn,1002,SymTabV3,366456,0.553,0.922
ExpE_ScopeChurn,1002,SymTabV4,431848,0.745,1.174
ExpE_ScopeChurn,1003,Conventional,227976,0.107,0.15
ExpE_ScopeChurn,1003,Interned,724448,0.115,0.154
ExpE_ScopeChurn,1003,Conventional-HeapString,206264,0.23,0.31
ExpE_ScopeChurn,1003,SymTabV3,366408,0.625,1.093
ExpE_ScopeChurn,1003,SymTabV4,431848,0.631,1.025
ExpE_ScopeChurn,1004,Conventional,227992,0.088,0.111
ExpE_ScopeChurn,1004,Interned,724384,0.105,0.14
ExpE_ScopeChurn,1004,Conventional-HeapString,206200,0.22,0.269
ExpE_ScopeChurn,1004,SymTabV3,366408,0.723,1.183
ExpE_ScopeChurn,1004,SymTabV4,431864,0.829,1.255
ExpE_ScopeChurn,1005,Conventional,227944,0.11,0.164
ExpE_ScopeChurn,1005,Interned,724336,0.115,0.131
ExpE_ScopeChurn,1005,Conventional-HeapString,206312,0.233,0.324
ExpE_ScopeChurn,1005,SymTabV3,366392,0.743,1.228
ExpE_ScopeChurn,1005,SymTabV4,431800,0.742,1.238
ExpE_ScopeChurn,1006,Conventional,227992,0.095,0.13
ExpE_ScopeChurn,1006,Interned,723760,0.108,0.145
ExpE_ScopeChurn,1006,Conventional-HeapString,206248,0.208,0.256
ExpE_ScopeChurn,1006,SymTabV3,366360,0.614,1.076
ExpE_ScopeChurn,1006,SymTabV4,431912,0.639,1.009
ExpE_ScopeChurn,1007,Conventional,227992,0.094,0.125
ExpE_ScopeChurn,1007,Interned,723808,0.108,0.118
ExpE_ScopeChurn,1007,Conventional-HeapString,206280,0.234,0.289
ExpE_ScopeChurn,1007,SymTabV3,366248,0.794,1.205
ExpE_ScopeChurn,1007,SymTabV4,431864,0.862,1.31
ExpE_ScopeChurn,1008,Conventional,228008,0.106,0.173
ExpE_ScopeChurn,1008,Interned,723968,0.136,0.286
ExpE_ScopeChurn,1008,Conventional-HeapString,206312,0.259,0.438
ExpE_ScopeChurn,1008,SymTabV3,366440,0.584,1.037
ExpE_ScopeChurn,1008,SymTabV4,431816,0.633,1.031
ExpE_ScopeChurn,1009,Conventional,228008,0.088,0.118
ExpE_ScopeChurn,1009,Interned,726192,0.104,0.155
ExpE_ScopeChurn,1009,Conventional-HeapString,206232,0.225,0.367
ExpE_ScopeChurn,1009,SymTabV3,366392,0.747,1.235
ExpE_ScopeChurn,1009,SymTabV4,431896,0.802,1.286
ExpE_ScopeChurn,1010,Conventional,228008,0.109,0.155
ExpE_ScopeChurn,1010,Interned,724352,0.119,0.143
ExpE_ScopeChurn,1010,Conventional-HeapString,206312,0.232,0.275
ExpE_ScopeChurn,1010,SymTabV3,366424,0.664,1.111
ExpE_ScopeChurn,1010,SymTabV4,431896,0.754,1.242
ExpE_ScopeChurn,1011,Conventional,228008,0.094,0.119
ExpE_ScopeChurn,1011,Interned,726000,0.109,0.144
ExpE_ScopeChurn,1011,Conventional-HeapString,206152,0.233,0.278
ExpE_ScopeChurn,1011,SymTabV3,366504,0.753,1.226
ExpE_ScopeChurn,1011,SymTabV4,431976,0.737,1.301
ExpE_ScopeChurn,1012,Conventional,228008,0.11,0.144
ExpE_ScopeChurn,1012,Interned,724576,0.121,0.157
ExpE_ScopeChurn,1012,Conventional-HeapString,206280,0.234,0.288
ExpE_ScopeChurn,1012,SymTabV3,366408,0.689,1.179
ExpE_ScopeChurn,1012,SymTabV4,431896,0.702,1.187
ExpE_ScopeChurn,1013,Conventional,228008,0.095,0.126
ExpE_ScopeChurn,1013,Interned,724736,0.108,0.125
ExpE_ScopeChurn,1013,Conventional-HeapString,206296,0.236,0.315
ExpE_ScopeChurn,1013,SymTabV3,366376,0.767,1.202
ExpE_ScopeChurn,1013,SymTabV4,431912,0.828,1.285
ExpE_ScopeChurn,1014,Conventional,228056,0.097,0.15
ExpE_ScopeChurn,1014,Interned,724576,0.108,0.12
ExpE_ScopeChurn,1014,Conventional-HeapString,206312,0.225,0.304
ExpE_ScopeChurn,1014,SymTabV3,366376,0.67,1.085
ExpE_ScopeChurn,1014,SymTabV4,431768,0.682,1.153
ExpE_ScopeChurn,1015,Conventional,227976,0.108,0.154
ExpE_ScopeChurn,1015,Interned,725072,0.119,0.131
ExpE_ScopeChurn,1015,Conventional-HeapString,206296,0.235,0.326
ExpE_ScopeChurn,1015,SymTabV3,366424,0.725,1.2
ExpE_ScopeChurn,1015,SymTabV4,431816,0.83,1.271
ExpE_ScopeChurn,1016,Conventional,228008,0.094,0.12
ExpE_ScopeChurn,1016,Interned,724160,0.114,0.139
ExpE_ScopeChurn,1016,Conventional-HeapString,206200,0.212,0.277
ExpE_ScopeChurn,1016,SymTabV3,366456,0.619,1.088
ExpE_ScopeChurn,1016,SymTabV4,431720,0.726,1.232
ExpE_ScopeChurn,1017,Conventional,227992,0.098,0.153
ExpE_ScopeChurn,1017,Interned,724480,0.121,0.139
ExpE_ScopeChurn,1017,Conventional-HeapString,206152,0.235,0.321
ExpE_ScopeChurn,1017,SymTabV3,366456,0.738,1.197
ExpE_ScopeChurn,1017,SymTabV4,431720,0.813,1.236
ExpE_ScopeChurn,1018,Conventional,228024,0.11,0.168
ExpE_ScopeChurn,1018,Interned,723712,0.117,0.138
ExpE_ScopeChurn,1018,Conventional-HeapString,206216,0.234,0.328
ExpE_ScopeChurn,1018,SymTabV3,366408,0.672,1.145
ExpE_ScopeChurn,1018,SymTabV4,431768,0.736,1.24
ExpE_ScopeChurn,1019,Conventional,228024,0.097,0.145
ExpE_ScopeChurn,1019,Interned,724528,0.112,0.146
ExpE_ScopeChurn,1019,Conventional-HeapString,206232,0.211,0.285
ExpE_ScopeChurn,1019,SymTabV3,366392,0.721,1.171
ExpE_ScopeChurn,1019,SymTabV4,431896,0.757,1.267
ExpE_ScopeChurn,1020,Conventional,227992,0.096,0.146
ExpE_ScopeChurn,1020,Interned,725104,0.115,0.13
ExpE_ScopeChurn,1020,Conventional-HeapString,206264,0.217,0.301
ExpE_ScopeChurn,1020,SymTabV3,366424,0.634,1.079
ExpE_ScopeChurn,1020,SymTabV4,431752,0.735,1.181
ExpE_ScopeChurn,1021,Conventional,228008,0.102,0.149
ExpE_ScopeChurn,1021,Interned,724336,0.12,0.157
ExpE_ScopeChurn,1021,Conventional-HeapString,206328,0.235,0.29
ExpE_ScopeChurn,1021,SymTabV3,366424,0.78,1.224
ExpE_ScopeChurn,1021,SymTabV4,431912,0.824,1.288
ExpE_ScopeChurn,1022,Conventional,228024,0.104,0.153
ExpE_ScopeChurn,1022,Interned,725248,0.118,0.142
ExpE_ScopeChurn,1022,Conventional-HeapString,206280,0.232,0.295
ExpE_ScopeChurn,1022,SymTabV3,366456,0.736,1.308
ExpE_ScopeChurn,1022,SymTabV4,431896,0.82,1.28
ExpE_ScopeChurn,1023,Conventional,227976,0.098,0.146
ExpE_ScopeChurn,1023,Interned,723808,0.115,0.134
ExpE_ScopeChurn,1023,Conventional-HeapString,206328,0.223,0.294
ExpE_ScopeChurn,1023,SymTabV3,366584,0.645,1.152
ExpE_ScopeChurn,1023,SymTabV4,431832,0.696,1.212
ExpE_ScopeChurn,1024,Conventional,228008,0.089,0.131
ExpE_ScopeChurn,1024,Interned,724848,0.101,0.107
ExpE_ScopeChurn,1024,Conventional-HeapString,206216,0.204,0.256
ExpE_ScopeChurn,1024,SymTabV3,366392,0.637,1.067
ExpE_ScopeChurn,1024,SymTabV4,431976,0.788,1.242
ExpE_ScopeChurn,1025,Conventional,228024,0.091,0.147
ExpE_ScopeChurn,1025,Interned,724560,0.101,0.116
ExpE_ScopeChurn,1025,Conventional-HeapString,206360,0.203,0.299
ExpE_ScopeChurn,1025,SymTabV3,366408,0.589,1.058
ExpE_ScopeChurn,1025,SymTabV4,431784,0.718,1.201
ExpE_ScopeChurn,1026,Conventional,227992,0.102,0.156
ExpE_ScopeChurn,1026,Interned,723808,0.109,0.133
ExpE_ScopeChurn,1026,Conventional-HeapString,206312,0.235,0.291
ExpE_ScopeChurn,1026,SymTabV3,366536,0.74,1.163
ExpE_ScopeChurn,1026,SymTabV4,431816,0.77,1.276
ExpE_ScopeChurn,1027,Conventional,228040,0.106,0.163
ExpE_ScopeChurn,1027,Interned,724464,0.12,0.133
ExpE_ScopeChurn,1027,Conventional-HeapString,206328,0.229,0.305
ExpE_ScopeChurn,1027,SymTabV3,366392,0.703,1.138
ExpE_ScopeChurn,1027,SymTabV4,431752,0.69,1.19
ExpE_ScopeChurn,1028,Conventional,228008,0.096,0.145
ExpE_ScopeChurn,1028,Interned,725056,0.108,0.122
ExpE_ScopeChurn,1028,Conventional-HeapString,206232,0.214,0.295
ExpE_ScopeChurn,1028,SymTabV3,366440,0.768,1.195
ExpE_ScopeChurn,1028,SymTabV4,431800,0.713,1.216
ExpE_ScopeChurn,1029,Conventional,228008,0.104,0.14
ExpE_ScopeChurn,1029,Interned,723840,0.121,0.162
ExpE_ScopeChurn,1029,Conventional-HeapString,206248,0.23,0.31
ExpE_ScopeChurn,1029,SymTabV3,366424,0.693,1.206
ExpE_ScopeChurn,1029,SymTabV4,431784,0.715,1.213
