workload,implementation,mean_heap_bytes,std_heap_bytes,heap_ratio_vs_conv,mean_p95_us,p95_ratio_vs_conv,p_value_heap_vs_conv
ExpA_100pct_Inline,Conventional,65608.00,0.00,1.0000,0.1176,1.0000,1.0000e+00
ExpA_100pct_Inline,Interned,681324.27,26.80,10.3848,0.1423,1.2101,0.0000e+00
ExpA_100pct_Inline,Conventional-HeapString,65608.00,0.00,1.0000,0.1828,1.5551,1.0000e+00
ExpA_100pct_Inline,SymTabV3,139080.00,0.00,2.1199,0.1261,1.0723,1.0000e+00
ExpA_100pct_Inline,SymTabV4,139081.60,4.88,2.1199,0.1257,1.0689,0.0000e+00
ExpB_90_10_Mix,Conventional,65608.00,0.00,1.0000,0.1148,1.0000,1.0000e+00
ExpB_90_10_Mix,Interned,721349.33,36.23,10.9948,0.1439,1.2538,0.0000e+00
ExpB_90_10_Mix,Conventional-HeapString,65608.00,0.00,1.0000,0.2051,1.7866,1.0000e+00
ExpB_90_10_Mix,SymTabV3,139800.00,0.00,2.1308,0.5940,5.1742,1.0000e+00
ExpB_90_10_Mix,SymTabV4,159960.00,0.00,2.4381,0.6265,5.4573,1.0000e+00
ExpC_70_30_Mix,Conventional,65608.00,0.00,1.0000,0.1278,1.0000,1.0000e+00
ExpC_70_30_Mix,Interned,801350.93,34.05,12.2142,0.1551,1.2136,0.0000e+00
ExpC_70_30_Mix,Conventional-HeapString,65608.00,0.00,1.0000,0.2321,1.8164,1.0000e+00
ExpC_70_30_Mix,SymTabV3,141912.00,0.00,2.1630,0.8557,6.6954,1.0000e+00
ExpC_70_30_Mix,SymTabV4,223512.00,0.00,3.4068,0.9101,7.1215,1.0000e+00
ExpD_Length32_k4,Conventional,33176.00,0.00,1.0000,0.1213,1.0000,1.0000e+00
ExpD_Length32_k4,Interned,215182.40,61.09,6.4861,0.1462,1.2049,0.0000e+00
ExpD_Length32_k4,Conventional-HeapString,33176.00,0.00,1.0000,0.2684,2.2124,1.0000e+00
ExpD_Length32_k4,SymTabV3,109768.00,0.00,3.3087,0.8964,7.3876,1.0000e+00
ExpD_Length32_k4,SymTabV4,150408.53,2.92,4.5337,0.9473,7.8074,0.0000e+00
ExpE_ScopeChurn,Conventional,228003.20,21.89,1.0000,0.1423,1.0000,1.0000e+00
ExpE_ScopeChurn,Interned,724489.07,630.90,3.1775,0.1401,0.9848,0.0000e+00
ExpE_ScopeChurn,Conventional-HeapString,206264.00,60.01,0.9047,0.2998,2.1075,0.0000e+00
ExpE_ScopeChurn,SymTabV3,366415.47,63.27,1.6071,1.1417,8.0253,0.0000e+00
ExpE_ScopeChurn,SymTabV4,431833.60,77.52,1.8940,1.2176,8.5583,0.0000e+00
