dataset,implementation,mean_compression_ratio,ci95_low,ci95_high,p_value_vs_conventional,p_value_vs_interned,significant_at_p01
high-prefix-similarity,Conventional,1.0,1.0,1.0,,,
high-prefix-similarity,Interned,1.0452776666666665,1.0452537560064792,1.045301577326854,,,
high-prefix-similarity,BudgetSym,2.5950436666666667,2.594130714371796,2.5959566189615373,2.15893e-83,3.96127e-83,True
hot-cold-access,Conventional,1.0,1.0,1.0,,,
hot-cold-access,Interned,1.053099,1.053077803224146,1.0531201967758541,,,
hot-cold-access,BudgetSym,1.7631706666666667,1.7590396657871277,1.7673016675462057,4.26579e-55,3.4339e-54,True
large,Conventional,1.0,1.0,1.0,,,
large,Interned,1.0563303333333334,1.0563200739161613,1.0563405927505054,,,
large,BudgetSym,1.8062436666666668,1.8051901080071282,1.8072972253262054,5.38481e-73,4.28289e-72,True
medium,Conventional,1.0,1.0,1.0,,,
medium,Interned,1.0563086666666668,1.0562811473088265,1.056336186024507,,,
medium,BudgetSym,1.78341,1.7796224151013862,1.7871975848986137,1.6125e-56,1.38689e-55,True
memory-stress,Conventional,1.0,1.0,1.0,,,
memory-stress,Interned,1.0478926666666666,1.0478702233674935,1.0479151099658397,,,
memory-stress,BudgetSym,1.5859916666666665,1.5855286420106418,1.5864546913226911,2.48487e-79,1.41991e-78,True
nested-scopes,Conventional,1.0,1.0,1.0,,,
nested-scopes,Interned,1.0528103333333332,1.0527894533883984,1.052831213278268,,,
nested-scopes,BudgetSym,2.0422413333333336,2.041311533279173,2.043171133387494,8.39163e-78,3.24955e-77,True
random-identifiers,Conventional,1.0,1.0,1.0,,,
random-identifiers,Interned,1.053655,1.0536167007408501,1.05369329925915,,,
random-identifiers,BudgetSym,1.402672,1.3991510676572616,1.4061929323427382,4.65494e-49,2.87909e-47,True
small,Conventional,1.0,1.0,1.0,,,
small,Interned,1.0579956666666666,1.0579186508152723,1.0580726825180609,,,
small,BudgetSym,1.8095073333333334,1.7895918245121811,1.8294228421544856,4.72374e-36,4.03406e-35,True
