workload,category,latency_constraint,satisfied,optimal_impl,optimal_config_id,inline_max_len,compress_min_len,block_size,anchor_interval,hot_access_threshold,conv_cold_lookup_p50_us,conv_measured_final_heap_bytes,actual_cold_lookup_p50_us,actual_measured_final_heap_bytes,latency_ratio_vs_conv,memory_ratio_vs_conv,memory_savings_pct_vs_conv
small,B,1.1,1,Conventional,0,0,0,0,0,0,0.06,8976,0.06,8976,1,1,0
small,B,1.25,1,Conventional,0,0,0,0,0,0,0.06,8976,0.06,8976,1,1,0
small,B,1.5,1,Conventional,0,0,0,0,0,0,0.06,8976,0.06,8976,1,1,0
small,B,2,1,Conventional,0,0,0,0,0,0,0.06,8976,0.06,8976,1,1,0
medium,B,1.1,1,Conventional,0,0,0,0,0,0,0.078,178168,0.078,178168,1,1,0
medium,B,1.25,1,Conventional,0,0,0,0,0,0,0.078,178168,0.078,178168,1,1,0
medium,B,1.5,1,Conventional,0,0,0,0,0,0,0.078,178168,0.078,178168,1,1,0
medium,B,2,1,Conventional,0,0,0,0,0,0,0.078,178168,0.078,178168,1,1,0
large,B,1.1,1,Conventional,0,0,0,0,0,0,0.081,487984,0.081,487984,1,1,0
large,B,1.25,1,Conventional,0,0,0,0,0,0,0.081,487984,0.081,487984,1,1,0
large,B,1.5,1,Conventional,0,0,0,0,0,0,0.081,487984,0.081,487984,1,1,0
large,B,2,1,Conventional,0,0,0,0,0,0,0.081,487984,0.081,487984,1,1,0
high-prefix-similarity,B,1.1,1,Conventional,0,0,0,0,0,0,0.079,243736,0.079,243736,1,1,0
high-prefix-similarity,B,1.25,1,Conventional,0,0,0,0,0,0,0.079,243736,0.079,243736,1,1,0
high-prefix-similarity,B,1.5,1,Conventional,0,0,0,0,0,0,0.079,243736,0.079,243736,1,1,0
high-prefix-similarity,B,2,1,Conventional,0,0,0,0,0,0,0.079,243736,0.079,243736,1,1,0
hot-cold-access,B,1.1,1,Conventional,0,0,0,0,0,0,0.061,200696,0.061,200696,1,1,0
hot-cold-access,B,1.25,1,Conventional,0,0,0,0,0,0,0.061,200696,0.061,200696,1,1,0
hot-cold-access,B,1.5,1,Conventional,0,0,0,0,0,0,0.061,200696,0.061,200696,1,1,0
hot-cold-access,B,2,1,Conventional,0,0,0,0,0,0,0.061,200696,0.061,200696,1,1,0
nested-scopes,B,1.1,1,Conventional,0,0,0,0,0,0,0.062,183632,0.062,183632,1,1,0
nested-scopes,B,1.25,1,Conventional,0,0,0,0,0,0,0.062,183632,0.062,183632,1,1,0
nested-scopes,B,1.5,1,Conventional,0,0,0,0,0,0,0.062,183632,0.062,183632,1,1,0
nested-scopes,B,2,1,Conventional,0,0,0,0,0,0,0.062,183632,0.062,183632,1,1,0
random-long,C,1.1,1,Conventional,0,0,0,0,0,0,0.126,242688,0.126,242688,1,1,0
random-long,C,1.25,1,Conventional,0,0,0,0,0,0,0.126,242688,0.126,242688,1,1,0
random-long,C,1.5,1,Conventional,0,0,0,0,0,0,0.126,242688,0.126,242688,1,1,0
random-long,C,2,1,Conventional,0,0,0,0,0,0,0.126,242688,0.126,242688,1,1,0
high-churn,C,1.1,1,Conventional,0,0,0,0,0,0,0.039,164640,0.039,164640,1,1,0
high-churn,C,1.25,1,Conventional,0,0,0,0,0,0,0.039,164640,0.039,164640,1,1,0
high-churn,C,1.5,1,Conventional,0,0,0,0,0,0,0.039,164640,0.039,164640,1,1,0
high-churn,C,2,1,Conventional,0,0,0,0,0,0,0.039,164640,0.039,164640,1,1,0
memory-stress,C,1.1,1,Conventional,0,0,0,0,0,0,0.072,224512,0.072,224512,1,1,0
memory-stress,C,1.25,1,Conventional,0,0,0,0,0,0,0.072,224512,0.072,224512,1,1,0
memory-stress,C,1.5,1,Conventional,0,0,0,0,0,0,0.072,224512,0.072,224512,1,1,0
memory-stress,C,2,1,Conventional,0,0,0,0,0,0,0.072,224512,0.072,224512,1,1,0
FreeRTOS,A,1.1,1,Conventional,0,0,0,0,0,0,0.14,827944,0.14,827944,1,1,0
FreeRTOS,A,1.25,1,Conventional,0,0,0,0,0,0,0.14,827944,0.14,827944,1,1,0
FreeRTOS,A,1.5,1,Conventional,0,0,0,0,0,0,0.14,827944,0.14,827944,1,1,0
FreeRTOS,A,2,1,Conventional,0,0,0,0,0,0,0.14,827944,0.14,827944,1,1,0
Arduino,A,1.1,1,Conventional,0,0,0,0,0,0,0.158,796704,0.158,796704,1,1,0
Arduino,A,1.25,1,Conventional,0,0,0,0,0,0,0.158,796704,0.158,796704,1,1,0
Arduino,A,1.5,1,Conventional,0,0,0,0,0,0,0.158,796704,0.158,796704,1,1,0
Arduino,A,2,1,Conventional,0,0,0,0,0,0,0.158,796704,0.158,796704,1,1,0
Zephyr,A,1.1,1,Conventional,0,0,0,0,0,0,0.106,637480,0.106,637480,1,1,0
Zephyr,A,1.25,1,Conventional,0,0,0,0,0,0,0.106,637480,0.106,637480,1,1,0
Zephyr,A,1.5,1,Conventional,0,0,0,0,0,0,0.106,637480,0.106,637480,1,1,0
Zephyr,A,2,1,Conventional,0,0,0,0,0,0,0.106,637480,0.106,637480,1,1,0
