corpus,implementation,declarations,uses,unique_names,measured_final_heap_bytes,measured_peak_heap_bytes,lookup_p50_us,lookup_p95_us,lookup_p99_us,lookup_mean_us,insert_p95_us,vs_embconv_heap_ratio,vs_embconv_p95_ratio
FreeRTOS,ConventionalHost,72376,123602,10386,1647440,1718216,0.066,0.15,0.206,0.0784804,0.191,0.9179,1.7442
FreeRTOS,EmbeddedConventional,72376,123602,10386,1794768,1870400,0.05,0.086,0.119,0.0547286,7.361,1.0000,1.0000
FreeRTOS,SymTabV3,72376,123602,10386,2618480,2686712,0.066,0.251,0.382,0.0910055,0.633,1.4590,2.9186
FreeRTOS,MetisX,72376,123602,10386,1649792,1724384,0.048,0.087,0.11,0.0523444,0.144,0.9192,1.0116
Arduino,ConventionalHost,31846,50273,11000,1636512,1636864,0.083,0.181,0.253,0.0965562,0.276,1.1027,2.2911
Arduino,EmbeddedConventional,31846,50273,11000,1484136,1523272,0.043,0.079,0.112,0.048822,9.883,1.0000,1.0000
Arduino,SymTabV3,31846,50273,11000,2205136,2205616,0.065,0.176,0.386,0.0835779,0.594,1.4858,2.2278
Arduino,MetisX,31846,50273,11000,1522720,1591304,0.045,0.079,0.103,0.0489575,0.178,1.0260,1.0000
Zephyr,ConventionalHost,703727,1523992,228739,22586992,23213048,0.091,0.324,0.699,0.136829,0.278,0.5411,1.8728
Zephyr,EmbeddedConventional,703727,1523992,228739,41742312,51203432,0.06,0.173,0.317,0.0760865,10.511,1.0000,1.0000
Zephyr,SymTabV3,703727,1523992,228739,28222032,29429104,0.07,0.242,0.523,0.0983442,0.647,0.6761,1.3988
Zephyr,MetisX,703727,1523992,228739,25789424,25924136,0.058,0.113,0.175,0.0654295,0.256,0.6178,0.6532
ESP-IDF,ConventionalHost,795847,1115502,231075,40484448,40484784,0.084,0.201,0.459,0.108115,0.493,0.9492,1.0635
ESP-IDF,EmbeddedConventional,795847,1115502,231075,42651920,42651920,0.054,0.189,0.3,0.0735946,237.674,1.0000,1.0000
ESP-IDF,SymTabV3,795847,1115502,231075,56741632,56741920,0.064,0.234,0.559,0.0939977,0.912,1.3303,1.2381
ESP-IDF,MetisX,795847,1115502,231075,35196200,35196200,0.045,0.09,0.175,0.0528465,0.235,0.8252,0.4762
