dataset,implementation,sample_size,heap_mean_bytes,heap_median_bytes,heap_std_bytes,heap_ci95_low,heap_ci95_high,cold_p50_mean_us,cold_p50_median_us,cold_p50_std_us,cold_p50_ci95_low,cold_p50_ci95_high,cohens_d_heap_vs_v1,p_val_heap_vs_v1,effect_size_vs_v1
high-prefix-similarity,BudgetSymV1,30,1018370.7,1017808.0,1451.5,1017828.7,1018912.6,0.3901,0.366,0.0605,0.3675,0.4127,,,
high-prefix-similarity,Conventional,30,32848.0,32848.0,0.0,32848.0,32848.0,0.0651,0.062,0.0077,0.0623,0.068,,,
high-prefix-similarity,Interned,30,398732.3,398560.0,835.7,398420.2,399044.3,0.0786,0.076,0.0068,0.0761,0.0812,,,
high-prefix-similarity,SymTabV2,30,248072.5,248096.0,82.1,248041.9,248103.2,0.4677,0.4345,0.0712,0.4411,0.4943,-749.32,8.325354e-81,large
high-prefix-similarity,V2-NoBlockCompression,30,612792.0,612832.0,205.1,612715.4,612868.6,0.1074,0.1,0.0189,0.1004,0.1145,,,
high-prefix-similarity,V2-NoFingerprints,30,248081.6,248088.0,86.9,248049.2,248114.0,0.4838,0.4565,0.0702,0.4576,0.51,,,
high-prefix-similarity,V2-NoScopeReclamation,30,459742.4,459752.0,67.0,459717.4,459767.4,0.4748,0.4535,0.0522,0.4553,0.4943,,,
hot-cold-access,BudgetSymV1,30,491571.7,485832.0,10550.0,487632.7,495510.7,0.2618,0.237,0.0468,0.2443,0.2793,,,
hot-cold-access,Conventional,30,49232.0,49232.0,0.0,49232.0,49232.0,0.0843,0.081,0.008,0.0813,0.0873,,,
hot-cold-access,Interned,30,290552.5,290656.0,823.0,290245.2,290859.8,0.0991,0.096,0.0074,0.0963,0.1019,,,
hot-cold-access,SymTabV2,30,222898.9,221488.0,6065.4,220634.3,225163.5,0.1488,0.15,0.01,0.1451,0.1526,-31.223,6.282742e-42,large
hot-cold-access,V2-NoBlockCompression,30,350834.1,350392.0,3263.2,349615.8,352052.5,0.1183,0.1165,0.013,0.1134,0.1231,,,
hot-cold-access,V2-NoFingerprints,30,222955.5,221552.0,6097.6,220678.9,225232.1,0.1623,0.158,0.0184,0.1554,0.1691,,,
hot-cold-access,V2-NoScopeReclamation,30,381746.9,380376.0,6324.7,379385.5,384108.4,0.1499,0.15,0.011,0.1457,0.154,,,
large,BudgetSymV1,30,1197730.7,1197824.0,3049.8,1196592.0,1198869.3,0.1986,0.188,0.0334,0.1861,0.211,,,
large,Conventional,30,131152.0,131152.0,0.0,131152.0,131152.0,0.0743,0.072,0.0116,0.0699,0.0786,,,
large,Interned,30,765594.9,765664.0,948.2,765240.9,765949.0,0.0878,0.085,0.0113,0.0836,0.0921,,,
large,SymTabV2,30,360650.9,360680.0,3713.9,359264.3,362037.6,0.0813,0.0775,0.0119,0.0769,0.0858,-246.337,1.431250e-67,large
large,V2-NoBlockCompression,30,491268.5,490688.0,4984.6,489407.5,493129.6,0.0768,0.0745,0.0108,0.0728,0.0808,,,
large,V2-NoFingerprints,30,360633.3,360704.0,3661.5,359266.3,362000.4,0.0901,0.086,0.0202,0.0826,0.0977,,,
large,V2-NoScopeReclamation,30,907222.4,906716.0,4470.4,905553.3,908891.5,0.0842,0.0825,0.0128,0.0795,0.089,,,
medium,BudgetSymV1,30,369500.5,369596.0,1695.1,368867.7,370133.4,0.2238,0.21,0.0324,0.2118,0.2359,,,
medium,Conventional,30,32848.0,32848.0,0.0,32848.0,32848.0,0.0756,0.073,0.0055,0.0736,0.0777,,,
medium,Interned,30,245384.5,245424.0,644.1,245144.0,245625.0,0.0903,0.09,0.0046,0.0886,0.092,,,
medium,SymTabV2,30,133549.6,133660.0,1670.6,132925.9,134173.3,0.0907,0.0875,0.0104,0.0868,0.0946,-140.208,2.597342e-60,large
medium,V2-NoBlockCompression,30,190720.0,190532.0,2720.4,189704.3,191735.7,0.0831,0.08,0.0078,0.0802,0.086,,,
medium,V2-NoFingerprints,30,133535.7,133620.0,1662.9,132914.9,134156.6,0.0967,0.093,0.0096,0.0931,0.1003,,,
medium,V2-NoScopeReclamation,30,276119.5,275940.0,2290.6,275264.2,276974.7,0.0922,0.0875,0.0099,0.0885,0.0959,,,
memory-stress,BudgetSymV1,30,702389.3,702756.0,2279.9,701538.1,703240.6,0.3616,0.3325,0.0696,0.3356,0.3876,,,
memory-stress,Conventional,30,32848.0,32848.0,0.0,32848.0,32848.0,0.088,0.084,0.012,0.0836,0.0925,,,
memory-stress,Interned,30,356257.1,356432.0,1077.4,355854.8,356659.3,0.1035,0.099,0.0117,0.0991,0.1078,,,
memory-stress,SymTabV2,30,227535.2,227632.0,488.0,227353.0,227717.4,0.491,0.4675,0.0622,0.4678,0.5142,-288.028,1.681357e-71,large
memory-stress,V2-NoBlockCompression,30,550222.1,550452.0,1488.7,549666.3,550778.0,0.13,0.123,0.0177,0.1234,0.1367,,,
memory-stress,V2-NoFingerprints,30,227522.4,227568.0,495.3,227337.5,227707.3,0.53,0.5035,0.0872,0.4974,0.5625,,,
memory-stress,V2-NoScopeReclamation,30,489912.5,490028.0,1035.9,489525.8,490299.3,0.5265,0.491,0.0716,0.4997,0.5532,,,
nested-scopes,BudgetSymV1,30,787698.4,787668.0,2563.0,786741.5,788655.3,0.5095,0.5185,0.0649,0.4853,0.5338,,,
nested-scopes,Conventional,30,32848.0,32848.0,0.0,32848.0,32848.0,0.0908,0.085,0.0098,0.0872,0.0945,,,
nested-scopes,Interned,30,275291.2,275328.0,1090.6,274884.0,275698.4,0.1045,0.1015,0.008,0.1015,0.1075,,,
nested-scopes,SymTabV2,30,260323.2,261396.0,4841.0,258515.7,262130.7,0.3967,0.385,0.0565,0.3756,0.4178,-136.158,5.100970e-57,large
nested-scopes,V2-NoBlockCompression,30,421864.0,421684.0,2222.2,421034.3,422693.7,0.1133,0.1075,0.0135,0.1082,0.1183,,,
nested-scopes,V2-NoFingerprints,30,260249.1,261392.0,4851.1,258437.9,262060.3,0.3972,0.3715,0.0522,0.3777,0.4167,,,
nested-scopes,V2-NoScopeReclamation,30,439928.3,440336.0,4116.1,438391.5,441465.1,0.4104,0.379,0.0633,0.3868,0.434,,,
random-long,BudgetSymV1,30,767467.5,767252.0,1332.8,766969.9,767965.1,0.368,0.3445,0.049,0.3497,0.3863,,,
random-long,Conventional,30,32848.0,32848.0,0.0,32848.0,32848.0,0.0859,0.0825,0.0091,0.0825,0.0893,,,
random-long,Interned,30,389209.6,389152.0,755.0,388927.7,389491.5,0.1006,0.0985,0.0091,0.0972,0.104,,,
random-long,SymTabV2,30,243661.9,243600.0,348.8,243531.6,243792.1,0.5565,0.5265,0.0765,0.5279,0.5851,-537.704,4.783722e-80,large
random-long,V2-NoBlockCompression,30,599121.1,598976.0,996.1,598749.2,599493.0,0.1453,0.1445,0.0128,0.1406,0.1501,,,
random-long,V2-NoFingerprints,30,243644.8,243616.0,356.9,243511.5,243778.1,0.5554,0.5445,0.061,0.5327,0.5782,,,
random-long,V2-NoScopeReclamation,30,521375.5,521248.0,672.3,521124.4,521626.5,0.5676,0.5515,0.0568,0.5464,0.5889,,,
small,BudgetSymV1,30,22763.7,22752.0,393.0,22617.0,22910.5,0.3325,0.332,0.0675,0.3073,0.3577,,,
small,Conventional,30,2128.0,2128.0,0.0,2128.0,2128.0,0.0951,0.0925,0.0163,0.0891,0.1012,,,
small,Interned,30,13460.3,13464.0,36.8,13446.5,13474.0,0.1044,0.099,0.0146,0.0989,0.1098,,,
small,SymTabV2,30,8262.9,8184.0,644.1,8022.4,8503.4,0.0915,0.091,0.0169,0.0852,0.0978,-27.179,4.660520e-52,large
small,V2-NoBlockCompression,30,8283.2,8208.0,652.1,8039.7,8526.7,0.0846,0.08,0.0173,0.0781,0.0911,,,
small,V2-NoFingerprints,30,8283.7,8224.0,652.0,8040.3,8527.2,0.1016,0.097,0.0163,0.0955,0.1077,,,
small,V2-NoScopeReclamation,30,11858.7,11800.0,651.8,11615.3,12102.0,0.0866,0.083,0.0157,0.0807,0.0925,,,
