experiment,param_name,param_value,implementation,declarations,uses,unique_names,measured_peak_heap_bytes,measured_final_heap_bytes,modeled_final_bytes,lookup_p50_us,lookup_p95_us,lookup_p99_us,lookup_mean_us,insert_p50_us,insert_p95_us,insert_p99_us,insert_mean_us,promotions,demotions,count_inline,count_interned,count_compressed
A_100pct_Inline,live_symbols,1000,Conventional,1000,1000,1000,178296,81408,0,0.094,0.13,0.19,0.101078,0.183,0.423,3.366,0.29207,0,0,0,0,0
A_100pct_Inline,live_symbols,1000,Interned,1000,1000,1000,248112,183192,0,0.101,0.145,0.234,0.124111,0.295,0.666,3.414,0.484816,0,0,0,0,0
A_100pct_Inline,live_symbols,1000,Conventional-HeapString,1000,1000,1000,186496,81464,0,0.162,0.226,0.388,0.170094,0.245,0.438,1.259,0.304428,0,0,0,0,0
A_100pct_Inline,live_symbols,1000,SymTabV3,1000,1000,1000,184664,94968,256,0.12,0.182,0.286,0.188856,0.391,0.847,2.955,0.589813,0,0,1000,0,0
A_100pct_Inline,live_symbols,1000,SymTabV4,1000,1000,1000,176736,95152,256,0.121,0.192,0.3,0.140702,0.406,0.766,3.252,0.553418,0,0,1000,0,0
A_100pct_Inline,live_symbols,5000,Conventional,5000,5000,5000,932792,452032,0,0.09,0.126,0.155,0.096047,0.171,0.416,2.918,0.262773,0,0,0,0,0
A_100pct_Inline,live_symbols,5000,Interned,5000,5000,5000,1388432,1067688,0,0.125,0.163,0.186,0.130976,0.391,0.733,4.023,0.824493,0,0,0,0,0
A_100pct_Inline,live_symbols,5000,Conventional-HeapString,5000,5000,5000,973088,451976,0,0.146,0.237,0.372,0.169091,0.262,0.603,1.384,0.362108,0,0,0,0,0
A_100pct_Inline,live_symbols,5000,SymTabV3,5000,5000,5000,1039384,525832,256,0.096,0.149,0.206,0.110467,0.305,0.55,0.961,0.410272,0,0,5000,0,0
A_100pct_Inline,live_symbols,5000,SymTabV4,5000,5000,5000,974064,526160,256,0.094,0.136,0.174,0.101172,0.308,0.583,0.899,0.404144,0,0,5000,0,0
A_100pct_Inline,live_symbols,10000,Conventional,10000,10000,10000,1866824,904576,0,0.103,0.164,0.209,0.137652,0.265,0.665,1.039,0.417691,0,0,0,0,0
A_100pct_Inline,live_symbols,10000,Interned,10000,10000,10000,2778816,2136616,0,0.103,0.146,0.179,0.118971,0.309,0.563,1.15,0.4404,0,0,0,0,0
A_100pct_Inline,live_symbols,10000,Conventional-HeapString,10000,10000,10000,1947120,904520,0,0.122,0.198,0.287,0.143106,0.232,0.685,1.099,0.327011,0,0,0,0,0
A_100pct_Inline,live_symbols,10000,SymTabV3,10000,10000,10000,2079304,1052728,256,0.082,0.125,0.169,0.0896729,0.274,0.559,0.8,0.372641,0,0,10000,0,0
A_100pct_Inline,live_symbols,10000,SymTabV4,10000,10000,10000,1948560,1052976,256,0.091,0.133,0.185,0.0971007,0.308,0.574,0.878,0.411006,0,0,10000,0,0
A_100pct_Inline,live_symbols,20000,Conventional,20000,20000,10000,2260016,1166704,0,0.096,0.122,0.137,0.0984736,0.119,0.294,0.472,0.171705,0,0,0,0,0
A_100pct_Inline,live_symbols,20000,Interned,20000,20000,10000,3172104,2398776,0,0.099,0.133,0.15,0.104584,0.17,0.378,0.553,0.233427,0,0,0,0,0
A_100pct_Inline,live_symbols,20000,Conventional-HeapString,20000,20000,10000,2340384,1166712,0,0.131,0.19,0.229,0.15354,0.179,0.573,0.862,0.255528,0,0,0,0,0
A_100pct_Inline,live_symbols,20000,SymTabV3,20000,20000,10000,2538152,1314776,256,0.094,0.14,0.186,0.100399,0.318,0.759,1.335,0.417845,0,0,10000,0,0
A_100pct_Inline,live_symbols,20000,SymTabV4,20000,20000,10000,2407360,1315120,256,0.093,0.137,0.183,0.102906,0.319,0.762,1.301,0.422099,0,0,10000,0,0
A_100pct_Inline,live_symbols,50000,Conventional,50000,50000,10000,2915392,1691040,0,0.095,0.124,0.145,0.101349,0.102,0.274,0.443,0.136301,0,0,0,0,0
A_100pct_Inline,live_symbols,50000,Interned,50000,50000,10000,3827400,2923016,0,0.11,0.149,0.169,0.118648,0.127,0.406,0.588,0.243232,0,0,0,0,0
A_100pct_Inline,live_symbols,50000,Conventional-HeapString,50000,50000,10000,2995792,1691016,0,0.134,0.193,0.257,0.166209,0.139,0.63,1.03,0.245096,0,0,0,0,0
A_100pct_Inline,live_symbols,50000,SymTabV3,50000,50000,10000,3324584,1839048,256,0.099,0.141,0.188,0.107856,0.352,0.93,1.498,0.461706,0,0,10000,0,0
A_100pct_Inline,live_symbols,50000,SymTabV4,50000,50000,10000,3193840,1839424,256,0.094,0.137,0.178,0.101605,0.343,0.939,1.455,0.459558,0,0,10000,0,0
B_90_10_Mix,live_symbols,1000,Conventional,1000,1000,1000,186408,85488,0,0.084,0.116,0.168,0.090908,0.143,0.405,0.891,0.198675,0,0,0,0,0
B_90_10_Mix,live_symbols,1000,Interned,1000,1000,1000,260128,195208,0,0.1,0.154,0.298,0.110172,0.287,0.815,2.292,0.395335,0,0,0,0,0
B_90_10_Mix,live_symbols,1000,Conventional-HeapString,1000,1000,1000,192368,85576,0,0.146,0.219,0.339,0.154017,0.215,0.439,0.717,0.259623,0,0,0,0,0
B_90_10_Mix,live_symbols,1000,SymTabV3,1000,1000,1000,195688,98984,256,0.12,0.736,1.14,0.192386,0.44,1.842,3.884,0.748689,0,0,1000,0,0
B_90_10_Mix,live_symbols,1000,SymTabV4,1000,1000,1000,192448,104192,5056,0.112,0.806,1.258,0.194707,0.425,1.796,4.909,0.715063,0,0,1000,0,0
B_90_10_Mix,live_symbols,5000,Conventional,5000,5000,5000,972696,471952,0,0.106,0.171,0.204,0.13082,0.277,0.659,0.957,0.483124,0,0,0,0,0
B_90_10_Mix,live_symbols,5000,Interned,5000,5000,5000,1448448,1127640,0,0.094,0.131,0.151,0.114003,0.244,0.554,0.988,0.341574,0,0,0,0,0
B_90_10_Mix,live_symbols,5000,Conventional-HeapString,5000,5000,5000,1001072,472120,0,0.168,0.223,0.303,0.180521,0.276,0.558,0.815,0.347,0,0,0,0,0
B_90_10_Mix,live_symbols,5000,SymTabV3,5000,5000,5000,1094008,546760,256,0.103,0.763,1.107,0.177145,0.366,1.324,1.914,0.542448,0,0,5000,0,0
B_90_10_Mix,live_symbols,5000,SymTabV4,5000,5000,5000,1048608,567072,20416,0.093,0.738,1.125,0.166153,0.329,1.3,1.889,0.508407,0,0,5000,0,0
B_90_10_Mix,live_symbols,10000,Conventional,10000,10000,10000,1946776,944560,0,0.098,0.13,0.151,0.102142,0.193,0.346,0.513,0.250575,0,0,0,0,0
B_90_10_Mix,live_symbols,10000,Interned,10000,10000,10000,2898864,2256680,0,0.1,0.142,0.161,0.109205,0.291,0.558,0.875,0.41107,0,0,0,0,0
B_90_10_Mix,live_symbols,10000,Conventional-HeapString,10000,10000,10000,2003088,944664,0,0.168,0.233,0.318,0.177912,0.306,0.779,1.101,0.416728,0,0,0,0,0
B_90_10_Mix,live_symbols,10000,SymTabV3,10000,10000,10000,2187240,1094120,256,0.097,0.683,1.031,0.163639,0.39,1.249,1.874,0.652101,0,0,10000,0,0
B_90_10_Mix,live_symbols,10000,SymTabV4,10000,10000,10000,2096896,1135104,40896,0.095,0.704,1.016,0.195695,0.418,1.356,1.966,0.765669,0,0,10000,0,0
B_90_10_Mix,live_symbols,20000,Conventional,20000,20000,11100,2659984,1392080,0,0.098,0.13,0.154,0.104019,0.147,0.376,0.563,0.235009,0,0,0,0,0
B_90_10_Mix,live_symbols,20000,Interned,20000,20000,11100,3738280,2929576,0,0.105,0.146,0.173,0.112795,0.221,0.578,0.899,0.385293,0,0,0,0,0
B_90_10_Mix,live_symbols,20000,Conventional-HeapString,20000,20000,11100,2706656,1392120,0,0.149,0.207,0.246,0.157757,0.212,0.607,0.943,0.319886,0,0,0,0,0
B_90_10_Mix,live_symbols,20000,SymTabV3,20000,20000,11100,2939168,1626984,256,0.096,0.692,1.026,0.162405,0.354,1.365,1.991,0.562432,0,0,11100,0,0
B_90_10_Mix,live_symbols,20000,SymTabV4,20000,20000,11100,2890088,1708880,81856,0.1,0.784,1.146,0.179737,0.383,1.599,2.312,0.624512,0,0,11100,0,0
B_90_10_Mix,live_symbols,50000,Conventional,50000,50000,14400,3854408,2221168,0,0.094,0.129,0.163,0.105732,0.104,0.39,0.612,0.189752,0,0,0,0,0
B_90_10_Mix,live_symbols,50000,Interned,50000,50000,14400,5156064,4183576,0,0.102,0.139,0.159,0.109542,0.12,0.568,0.841,0.269805,0,0,0,0,0
B_90_10_Mix,live_symbols,50000,Conventional-HeapString,50000,50000,14400,3850064,2221256,0,0.13,0.201,0.233,0.141509,0.136,0.698,1.129,0.261944,0,0,0,0,0
B_90_10_Mix,live_symbols,50000,SymTabV3,50000,50000,14400,4386128,2464696,256,0.092,0.654,1.009,0.159191,0.324,1.462,2.185,0.533563,0,0,14400,0,0
B_90_10_Mix,live_symbols,50000,SymTabV4,50000,50000,14400,4418952,2628448,163776,0.091,0.693,1.039,0.161672,0.322,1.533,2.245,0.537753,0,0,14400,0,0
C_70_30_Mix,live_symbols,1000,Conventional,1000,1000,1000,202472,93536,0,0.095,0.125,0.173,0.099293,0.192,0.402,0.862,0.253539,0,0,0,0,0
C_70_30_Mix,live_symbols,1000,Interned,1000,1000,1000,284336,219352,0,0.101,0.139,0.213,0.107425,0.306,0.701,2.079,0.402712,0,0,0,0,0
C_70_30_Mix,live_symbols,1000,Conventional-HeapString,1000,1000,1000,203520,93464,0,0.151,0.238,0.368,0.157894,0.23,0.433,0.825,0.280751,0,0,0,0,0
C_70_30_Mix,live_symbols,1000,SymTabV3,1000,1000,1000,217616,107624,256,0.101,0.758,1.019,0.249549,0.322,1.246,2.565,0.550834,0,0,1000,0,0
C_70_30_Mix,live_symbols,1000,SymTabV4,1000,1000,1000,219560,117872,10176,0.095,0.772,1.056,0.243726,0.312,1.289,2.824,0.565893,0,0,1000,0,0
C_70_30_Mix,live_symbols,5000,Conventional,5000,5000,5000,1052696,511984,0,0.083,0.103,0.125,0.0872168,0.144,0.257,0.475,0.175184,0,0,0,0,0
C_70_30_Mix,live_symbols,5000,Interned,5000,5000,5000,1568432,1247656,0,0.099,0.14,0.172,0.10873,0.288,0.566,0.969,0.375705,0,0,0,0,0
C_70_30_Mix,live_symbols,5000,Conventional-HeapString,5000,5000,5000,1056960,512008,0,0.164,0.217,0.324,0.179039,0.291,0.576,0.847,0.35108,0,0,0,0,0
C_70_30_Mix,live_symbols,5000,SymTabV3,5000,5000,5000,1201704,588728,256,0.112,0.953,1.119,0.292954,0.451,1.487,2.014,0.791211,0,0,5000,0,0
C_70_30_Mix,live_symbols,5000,SymTabV4,5000,5000,5000,1233800,670752,81856,0.115,1.024,1.2,0.311937,0.457,1.662,2.489,0.85256,0,0,5000,0,0
C_70_30_Mix,live_symbols,10000,Conventional,10000,10000,10000,2106760,1024560,0,0.091,0.13,0.163,0.0969796,0.181,0.43,0.663,0.269958,0,0,0,0,0
C_70_30_Mix,live_symbols,10000,Interned,10000,10000,10000,3138992,2496696,0,0.1,0.136,0.156,0.110529,0.302,0.666,0.944,0.415059,0,0,0,0,0
C_70_30_Mix,live_symbols,10000,Conventional-HeapString,10000,10000,10000,2115024,1024616,0,0.16,0.221,0.305,0.170517,0.314,0.863,1.189,0.426039,0,0,0,0,0
C_70_30_Mix,live_symbols,10000,SymTabV3,10000,10000,10000,2403744,1178296,256,0.119,0.973,1.158,0.297129,0.542,1.65,2.248,0.824194,0,0,10000,0,0
C_70_30_Mix,live_symbols,10000,SymTabV4,10000,10000,10000,2468768,1342128,163776,0.104,1.019,1.236,0.296528,0.513,1.749,2.594,0.840887,0,0,10000,0,0
C_70_30_Mix,live_symbols,20000,Conventional,20000,20000,13300,3251768,1675312,0,0.092,0.132,0.17,0.0982376,0.176,0.462,0.817,0.27414,0,0,0,0,0
C_70_30_Mix,live_symbols,20000,Interned,20000,20000,13300,4566976,3656120,0,0.106,0.177,0.225,0.120737,0.337,0.842,1.275,0.565054,0,0,0,0,0
C_70_30_Mix,live_symbols,20000,Conventional-HeapString,20000,20000,13300,3214496,1675352,0,0.159,0.223,0.301,0.171127,0.3,0.91,1.285,0.469529,0,0,0,0,0
C_70_30_Mix,live_symbols,20000,SymTabV3,20000,20000,13300,3749096,1918728,256,0.108,0.942,1.153,0.285533,0.482,1.7,2.327,0.816236,0,0,13300,0,0
C_70_30_Mix,live_symbols,20000,SymTabV4,20000,20000,13300,4057960,2246368,327616,0.108,1.018,1.205,0.304801,0.485,1.957,2.606,0.883274,0,0,13300,0,0
C_70_30_Mix,live_symbols,50000,Conventional,50000,50000,23200,6262280,3284304,0,0.094,0.124,0.148,0.0981041,0.122,0.481,0.715,0.261927,0,0,0,0,0
C_70_30_Mix,live_symbols,50000,Interned,50000,50000,23200,8935168,7299576,0,0.106,0.152,0.2,0.113669,0.174,0.798,1.191,0.478789,0,0,0,0,0
C_70_30_Mix,live_symbols,50000,Conventional-HeapString,50000,50000,23200,6088400,3284392,0,0.143,0.222,0.284,0.163552,0.188,1.13,1.599,0.45859,0,0,0,0,0
C_70_30_Mix,live_symbols,50000,SymTabV3,50000,50000,23200,8030432,3774824,256,0.104,0.92,1.466,0.286981,0.441,1.927,3.128,0.86643,0,0,23200,0,0
C_70_30_Mix,live_symbols,50000,SymTabV4,50000,50000,23200,8423608,4430128,655296,0.11,1.063,2.39,0.355025,0.477,2.407,3.696,1.06026,0,0,23200,0,0
D1_Identifier_Length,identifier_length,4,Conventional,8000,8000,1,164832,131784,0,0.061,0.073,0.086,0.0622263,0.061,0.073,0.087,0.0636656,0,0,0,0,0
D1_Identifier_Length,identifier_length,4,Interned,8000,8000,1,164960,132008,0,0.076,0.1,1.52,0.104565,0.086,0.105,1.504,0.106637,0,0,0,0,0
D1_Identifier_Length,identifier_length,4,Conventional-HeapString,8000,8000,1,164856,131824,0,0.111,0.129,0.155,0.115327,0.112,0.131,0.158,0.120096,0,0,0,0,0
D1_Identifier_Length,identifier_length,4,SymTabV3,8000,8000,1,182552,132240,256,0.079,0.102,0.289,0.0927663,0.177,0.292,1.686,0.224355,0,0,1,0,0
D1_Identifier_Length,identifier_length,4,SymTabV4,8000,8000,1,182848,132568,256,0.072,0.102,0.38,0.0899045,0.168,0.305,1.823,0.225227,0,0,1,0,0
D1_Identifier_Length,identifier_length,8,Conventional,8000,8000,2000,1042208,262672,0,0.093,0.125,0.227,0.107913,0.184,0.419,1.791,0.258879,0,0,0,0,0
D1_Identifier_Length,identifier_length,8,Interned,8000,8000,2000,990824,467336,0,0.096,0.129,0.309,0.113728,0.172,0.351,1.754,0.236779,0,0,0,0,0
D1_Identifier_Length,identifier_length,8,Conventional-HeapString,8000,8000,2000,1106632,262616,0,0.154,0.218,1.706,0.185929,0.24,0.426,2.012,0.326656,0,0,0,0,0
D1_Identifier_Length,identifier_length,8,SymTabV3,8000,8000,2000,920192,314616,256,0.085,0.136,0.181,0.0954904,0.201,0.408,0.727,0.275233,0,0,2000,0,0
D1_Identifier_Length,identifier_length,8,SymTabV4,8000,8000,2000,854728,314880,256,0.088,0.136,0.175,0.0959519,0.21,0.409,0.688,0.285638,0,0,2000,0,0
D1_Identifier_Length,identifier_length,12,Conventional,8000,8000,2000,1041968,262576,0,0.104,0.133,0.149,0.110086,0.215,0.362,0.647,0.255749,0,0,0,0,0
D1_Identifier_Length,identifier_length,12,Interned,8000,8000,2000,990680,467208,0,0.115,0.157,0.208,0.126587,0.268,0.469,1.056,0.322377,0,0,0,0,0
D1_Identifier_Length,identifier_length,12,Conventional-HeapString,8000,8000,2000,1106520,262584,0,0.165,0.237,1.648,0.199363,0.265,0.683,1.959,0.905229,0,0,0,0,0
D1_Identifier_Length,identifier_length,12,SymTabV3,8000,8000,2000,1124792,415384,256,0.113,0.163,0.214,0.125331,0.355,0.739,1.879,0.744403,0,0,2000,0,0
D1_Identifier_Length,identifier_length,12,SymTabV4,8000,8000,2000,1059472,415680,256,0.137,0.247,0.376,0.155894,0.578,1.237,2.593,0.872438,0,0,2000,0,0
D1_Identifier_Length,identifier_length,16,Conventional,8000,8000,2000,1282400,310720,0,0.09,0.123,0.15,0.109029,0.217,0.375,1.204,0.26597,0,0,0,0,0
D1_Identifier_Length,identifier_length,16,Interned,8000,8000,2000,1134968,611560,0,0.096,0.124,0.154,0.10442,0.157,0.44,1.514,0.24223,0,0,0,0,0
D1_Identifier_Length,identifier_length,16,Conventional-HeapString,8000,8000,2000,1154664,310728,0,0.155,0.21,0.524,0.174497,0.247,0.421,1.708,0.297287,0,0,0,0,0
D1_Identifier_Length,identifier_length,16,SymTabV3,8000,8000,2000,1361880,466232,256,0.122,0.844,1.047,0.260628,0.473,1.269,2.505,0.637579,0,0,2000,0,0
D1_Identifier_Length,identifier_length,16,SymTabV4,8000,8000,2000,1378368,548208,81856,0.118,0.684,0.851,0.22363,0.401,1.004,1.676,0.546649,0,0,2000,0,0
D1_Identifier_Length,identifier_length,20,Conventional,8000,8000,2000,1282496,310784,0,0.107,0.134,0.151,0.115818,0.263,0.447,0.673,0.306105,0,0,0,0,0
D1_Identifier_Length,identifier_length,20,Interned,8000,8000,2000,1135160,611624,0,0.118,0.152,0.162,0.122441,0.254,0.485,0.899,0.337321,0,0,0,0,0
D1_Identifier_Length,identifier_length,20,Conventional-HeapString,8000,8000,2000,1154792,310760,0,0.189,0.221,0.285,0.191569,0.29,0.467,0.658,0.328786,0,0,0,0,0
D1_Identifier_Length,identifier_length,20,SymTabV3,8000,8000,2000,1362408,466232,256,0.133,0.838,1.03,0.26217,0.514,1.271,1.906,0.671326,0,0,2000,0,0
D1_Identifier_Length,identifier_length,20,SymTabV4,8000,8000,2000,1378784,548160,81856,0.138,0.791,1.09,0.267607,0.537,1.264,2.323,0.698554,0,0,2000,0,0
D1_Identifier_Length,identifier_length,24,Conventional,8000,8000,2000,1442368,342688,0,0.099,0.128,0.149,0.10392,0.255,0.416,0.736,0.302634,0,0,0,0,0
D1_Identifier_Length,identifier_length,24,Interned,8000,8000,2000,1230744,707336,0,0.112,0.147,0.174,0.130463,0.265,0.485,0.984,0.330576,0,0,0,0,0
D1_Identifier_Length,identifier_length,24,Conventional-HeapString,8000,8000,2000,1314232,342568,0,0.199,0.226,0.355,0.208407,0.333,0.51,0.823,0.373712,0,0,0,0,0
D1_Identifier_Length,identifier_length,24,SymTabV3,8000,8000,2000,1499640,498200,256,0.155,0.902,1.26,0.298002,0.622,1.618,3.087,0.847109,0,0,2000,0,0
D1_Identifier_Length,identifier_length,24,SymTabV4,8000,8000,2000,1516064,580080,81856,0.157,0.75,1.049,0.269537,0.585,1.346,2.476,0.775876,0,0,2000,0,0
D1_Identifier_Length,identifier_length,32,Conventional,8000,8000,2000,1442144,342624,0,0.096,0.148,0.186,0.107658,0.238,0.625,1.72,0.345774,0,0,0,0,0
D1_Identifier_Length,identifier_length,32,Interned,8000,8000,2000,1230904,707384,0,0.101,0.121,0.153,0.109407,0.183,0.408,0.868,0.245149,0,0,0,0,0
D1_Identifier_Length,identifier_length,32,Conventional-HeapString,8000,8000,2000,1314280,342632,0,0.186,0.24,0.456,0.203613,0.308,0.483,1.605,0.344664,0,0,0,0,0
D1_Identifier_Length,identifier_length,32,SymTabV3,8000,8000,2000,1527480,498216,256,0.169,0.851,1.125,0.296413,0.54,1.285,2.35,0.721111,0,0,2000,0,0
D1_Identifier_Length,identifier_length,32,SymTabV4,8000,8000,2000,1543840,580096,81856,0.146,0.809,1.214,0.286412,0.435,1.236,2.414,0.624373,0,0,2000,0,0
D1_Identifier_Length,identifier_length,48,Conventional,8000,8000,2000,1602080,374592,0,0.135,0.164,0.234,0.140601,0.29,0.503,2.213,0.349449,0,0,0,0,0
D1_Identifier_Length,identifier_length,48,Interned,8000,8000,2000,1326712,803320,0,0.177,0.215,0.281,0.18955,0.343,0.747,3.172,0.447453,0,0,0,0,0
D1_Identifier_Length,identifier_length,48,Conventional-HeapString,8000,8000,2000,1474088,374600,0,0.259,0.326,0.532,0.271285,0.431,0.668,1.968,0.47303,0,0,0,0,0
D1_Identifier_Length,identifier_length,48,SymTabV3,8000,8000,2000,1655672,530120,256,0.198,0.867,1.114,0.323613,0.684,1.335,2.25,0.809392,0,0,2000,0,0
D1_Identifier_Length,identifier_length,48,SymTabV4,8000,8000,2000,1672256,612096,81856,0.178,0.743,1.003,0.289509,0.496,1.138,2.31,0.652384,0,0,2000,0,0
D1_Identifier_Length,identifier_length,64,Conventional,8000,8000,2000,1761952,406512,0,0.087,0.106,0.127,0.0957553,0.196,0.359,0.723,0.229241,0,0,0,0,0
D1_Identifier_Length,identifier_length,64,Interned,8000,8000,2000,1422792,899336,0,0.101,0.116,0.126,0.10478,0.167,0.349,0.675,0.225993,0,0,0,0,0
D1_Identifier_Length,identifier_length,64,Conventional-HeapString,8000,8000,2000,1634136,406568,0,0.402,0.428,0.66,0.403766,0.758,1.021,2.181,0.804154,0,0,0,0,0
D1_Identifier_Length,identifier_length,64,SymTabV3,8000,8000,2000,1783784,562120,256,0.223,0.766,1.061,0.336338,0.588,1.254,2.262,0.740423,0,0,2000,0,0
D1_Identifier_Length,identifier_length,64,SymTabV4,8000,8000,2000,1800096,644032,81856,0.207,0.763,1.08,0.320667,0.567,1.166,2.317,0.712327,0,0,2000,0,0
D2_Live_Duplication,live_duplication_k,1,Conventional,2000,2000,2000,518968,243984,0,0.073,0.077,0.09,0.0733355,0.131,0.227,0.438,0.164037,0,0,0,0,0
D2_Live_Duplication,live_duplication_k,1,Interned,2000,2000,2000,739568,608744,0,0.083,0.087,0.105,0.085126,0.219,0.436,1.443,0.285228,0,0,0,0,0
D2_Live_Duplication,live_duplication_k,1,Conventional-HeapString,2000,2000,2000,487056,244008,0,0.156,0.198,0.336,0.169774,0.265,0.409,0.561,0.294285,0,0,0,0,0
D2_Live_Duplication,live_duplication_k,1,SymTabV3,2000,2000,2000,613512,274104,256,0.545,1.039,1.939,0.616842,0.795,1.585,2.325,0.951622,0,0,2000,0,0
D2_Live_Duplication,live_duplication_k,1,SymTabV4,2000,2000,2000,679056,356064,81856,0.547,1.064,2.22,0.624662,0.814,1.552,3.24,1.03197,0,0,2000,0,0
D2_Live_Duplication,live_duplication_k,2,Conventional,4000,4000,2000,826992,276960,0,0.072,0.087,0.098,0.073605,0.144,0.261,0.386,0.179528,0,0,0,0,0
D2_Live_Duplication,live_duplication_k,2,Interned,4000,4000,2000,903368,641672,0,0.084,0.114,0.133,0.0912223,0.207,0.373,1.362,0.23541,0,0,0,0,0
D2_Live_Duplication,live_duplication_k,2,Conventional-HeapString,4000,4000,2000,762648,276840,0,0.231,0.286,0.465,0.251356,0.381,0.577,1.496,0.428254,0,0,0,0,0
D2_Live_Duplication,live_duplication_k,2,SymTabV3,4000,4000,2000,1150408,416008,256,0.236,0.823,1.116,0.361076,0.685,1.237,2.807,0.816313,0,0,2000,0,0
D2_Live_Duplication,live_duplication_k,2,SymTabV4,4000,4000,2000,1199616,497968,81856,0.229,0.801,1.33,0.352422,0.596,1.25,2.693,0.766357,0,0,2000,0,0
D2_Live_Duplication,live_duplication_k,3,Conventional,6000,6000,2000,1167112,342464,0,0.083,0.094,0.117,0.0893738,0.218,0.37,1.179,0.263268,0,0,0,0,0
D2_Live_Duplication,live_duplication_k,3,Interned,6000,6000,2000,1099824,707208,0,0.089,0.106,0.134,0.0949753,0.212,0.403,1.024,0.277988,0,0,0,0,0
D2_Live_Duplication,live_duplication_k,3,Conventional-HeapString,6000,6000,2000,1071184,342408,0,0.146,0.176,0.228,0.154591,0.24,0.349,0.562,0.261245,0,0,0,0,0
D2_Live_Duplication,live_duplication_k,3,SymTabV3,6000,6000,2000,1453512,497944,256,0.15,0.641,0.852,0.256452,0.455,0.925,1.888,0.560882,0,0,2000,0,0
D2_Live_Duplication,live_duplication_k,3,SymTabV4,6000,6000,2000,1469856,579888,81856,0.128,1.026,1.34,0.332509,0.421,1.459,2.868,0.679396,0,0,2000,0,0
D2_Live_Duplication,live_duplication_k,4,Conventional,8000,8000,2000,1442320,342752,0,0.069,0.089,0.106,0.0775173,0.157,0.259,1.195,0.18798,0,0,0,0,0
D2_Live_Duplication,live_duplication_k,4,Interned,8000,8000,2000,1230872,707416,0,0.08,0.092,0.112,0.0857297,0.133,0.325,0.739,0.186607,0,0,0,0,0
D2_Live_Duplication,live_duplication_k,4,Conventional-HeapString,8000,8000,2000,1314264,342632,0,0.145,0.184,0.261,0.155898,0.239,0.357,0.568,0.259131,0,0,0,0,0
D2_Live_Duplication,live_duplication_k,4,SymTabV3,8000,8000,2000,1527544,498216,256,0.127,0.575,0.771,0.217089,0.374,0.825,1.69,0.478691,0,0,2000,0,0
D2_Live_Duplication,live_duplication_k,4,SymTabV4,8000,8000,2000,1543776,580048,81856,0.116,0.566,0.733,0.209011,0.344,0.843,1.695,0.469335,0,0,2000,0,0
D2_Live_Duplication,live_duplication_k,5,Conventional,10000,10000,2000,1848200,473728,0,0.153,0.192,0.269,0.190836,0.382,0.744,1.504,0.49234,0,0,0,0,0
D2_Live_Duplication,live_duplication_k,5,Interned,10000,10000,2000,1492736,838440,0,0.148,0.189,0.239,0.818743,0.372,0.766,1.909,0.963519,0,0,0,0,0
D2_Live_Duplication,live_duplication_k,5,Conventional-HeapString,10000,10000,2000,1688208,473688,0,0.134,0.173,0.264,0.141282,0.221,0.416,0.753,0.350088,0,0,0,0,0
D2_Live_Duplication,live_duplication_k,5,SymTabV3,10000,10000,2000,2028216,662008,256,0.107,0.605,0.778,0.190289,0.311,0.904,1.591,0.460908,0,0,2000,0,0
D2_Live_Duplication,live_duplication_k,5,SymTabV4,10000,10000,2000,1945312,743984,81856,0.114,0.48,0.6,0.176184,0.391,0.763,1.541,0.487597,0,0,2000,0,0
D2_Live_Duplication,live_duplication_k,6,Conventional,12000,12000,2000,2123104,473696,0,0.057,0.067,0.08,0.0589732,0.131,0.212,0.34,0.146122,0,0,0,0,0
D2_Live_Duplication,live_duplication_k,6,Interned,12000,12000,2000,1623832,838584,0,0.066,0.087,0.104,0.0738422,0.108,0.285,0.585,0.154463,0,0,0,0,0
D2_Live_Duplication,live_duplication_k,6,Conventional-HeapString,12000,12000,2000,1931096,473688,0,0.125,0.165,0.211,0.139541,0.21,0.335,0.508,0.235566,0,0,0,0,0
D2_Live_Duplication,live_duplication_k,6,SymTabV3,12000,12000,2000,2068152,662024,256,0.102,0.44,0.535,0.149341,0.267,0.631,1.194,0.345414,0,0,2000,0,0
D2_Live_Duplication,live_duplication_k,6,SymTabV4,12000,12000,2000,2018992,744000,81856,0.105,0.481,0.601,0.161049,0.28,0.711,1.266,0.377256,0,0,2000,0,0
D2_Live_Duplication,live_duplication_k,8,Conventional,16000,16000,2000,2673264,474208,0,0.061,0.078,0.094,0.0664264,0.148,0.277,0.571,0.194456,0,0,0,0,0
D2_Live_Duplication,live_duplication_k,8,Interned,16000,16000,2000,1885832,838920,0,0.069,0.082,0.096,0.0731649,0.11,0.194,0.413,0.138927,0,0,0,0,0
D2_Live_Duplication,live_duplication_k,8,Conventional-HeapString,16000,16000,2000,2417256,474152,0,0.127,0.206,0.229,0.143384,0.212,0.396,0.745,0.256512,0,0,0,0,0
D2_Live_Duplication,live_duplication_k,8,SymTabV3,16000,16000,2000,2216152,662520,256,0.106,0.431,0.601,0.148607,0.268,0.688,1.688,0.377905,0,0,2000,0,0
D2_Live_Duplication,live_duplication_k,8,SymTabV4,16000,16000,2000,2167040,744512,81856,0.117,0.465,0.669,0.163135,0.348,0.784,1.457,0.457952,0,0,2000,0,0
D2_Live_Duplication,live_duplication_k,10,Conventional,20000,20000,2000,3485200,736384,0,0.069,0.084,0.103,0.0717911,0.178,0.337,0.633,0.214642,0,0,0,0,0
D2_Live_Duplication,live_duplication_k,10,Interned,20000,20000,2000,2409720,1100984,0,0.078,0.094,0.113,0.0812833,0.161,0.276,0.523,0.181997,0,0,0,0,0
D2_Live_Duplication,live_duplication_k,10,Conventional-HeapString,20000,20000,2000,3165096,736280,0,0.133,0.148,0.177,0.136447,0.213,0.31,0.402,0.21895,0,0,0,0,0
D2_Live_Duplication,live_duplication_k,10,SymTabV3,20000,20000,2000,3250360,990232,256,0.181,0.538,0.799,0.219685,0.487,0.934,1.807,0.582937,0,0,2000,0,0
D2_Live_Duplication,live_duplication_k,10,SymTabV4,20000,20000,2000,2969904,1072176,81856,0.114,0.629,0.901,0.174241,0.274,0.996,1.495,0.406379,0,0,2000,0,0
D2_Live_Duplication,live_duplication_k,15,Conventional,30000,30000,2000,4859528,736368,0,0.075,0.095,0.122,0.0903071,0.192,0.42,1.563,0.265956,0,0,0,0,0
D2_Live_Duplication,live_duplication_k,15,Interned,30000,30000,2000,3064112,1101064,0,0.083,0.1,0.119,0.08752,0.156,0.272,0.502,0.18423,0,0,0,0,0
D2_Live_Duplication,live_duplication_k,15,Conventional-HeapString,30000,30000,2000,4379504,736312,0,0.146,0.185,0.236,0.158697,0.241,0.377,0.716,0.265512,0,0,0,0,0
D2_Live_Duplication,live_duplication_k,15,SymTabV3,30000,30000,2000,3518856,990216,256,0.141,0.46,0.811,0.17909,0.386,0.898,2.02,0.577294,0,0,2000,0,0
D2_Live_Duplication,live_duplication_k,15,SymTabV4,30000,30000,2000,3338560,1072208,81856,0.141,0.413,0.721,0.176796,0.394,0.837,1.757,0.506825,0,0,2000,0,0
D2_Live_Duplication,live_duplication_k,20,Conventional,40000,40000,2000,6758928,1261472,0,0.091,0.116,0.132,0.0989267,0.237,0.469,1.064,0.295319,0,0,0,0,0
D2_Live_Duplication,live_duplication_k,20,Interned,40000,40000,2000,4243640,1626184,0,0.089,0.107,0.126,0.0967412,0.143,0.293,0.585,0.18515,0,0,0,0,0
D2_Live_Duplication,live_duplication_k,20,Conventional-HeapString,40000,40000,2000,6119128,1261464,0,0.156,0.193,0.246,0.171857,0.257,0.396,0.627,0.282771,0,0,0,0,0
D2_Live_Duplication,live_duplication_k,20,SymTabV3,40000,40000,2000,5694840,1646648,256,0.138,0.312,0.73,0.166925,0.364,0.781,1.77,0.494793,0,0,2000,0,0
D2_Live_Duplication,live_duplication_k,20,SymTabV4,40000,40000,2000,5018960,1728496,81856,0.135,0.393,0.924,0.172605,0.327,0.895,1.66,0.43694,0,0,2000,0,0
E_Scope_Churn,num_scopes,10,Conventional,1000,1000,1000,204816,191000,50500,0.095,0.142,0.207,0.100241,0.28,0.669,1.819,0.361296,0,0,0,0,0
E_Scope_Churn,num_scopes,10,Interned,1000,1000,1000,343416,336800,48500,0.097,0.128,0.174,0.11361,0.322,0.929,2.122,0.422345,0,0,0,0,0
E_Scope_Churn,num_scopes,10,Conventional-HeapString,1000,1000,1000,197336,184832,42500,0.179,0.251,0.394,0.198881,0.309,0.609,1.655,0.361146,0,0,0,0,0
E_Scope_Churn,num_scopes,10,SymTabV3,1000,1000,1000,265288,252352,120161,0.527,0.886,1.684,0.558357,0.776,1.728,3.034,0.881167,0,0,500,0,500
E_Scope_Churn,num_scopes,10,SymTabV4,1000,1000,1000,277664,264712,136321,0.566,0.882,1.103,0.580211,0.836,1.819,3.606,0.978932,0,0,500,0,500
E_Scope_Churn,num_scopes,20,Conventional,2000,2000,2000,396888,383072,101000,0.083,0.119,0.155,0.0867765,0.205,0.554,1.514,0.26693,0,0,0,0,0
E_Scope_Churn,num_scopes,20,Interned,2000,2000,2000,683472,676856,97000,0.096,0.111,0.135,0.10132,0.351,0.783,1.917,0.441582,0,0,0,0,0
E_Scope_Churn,num_scopes,20,Conventional-HeapString,2000,2000,2000,385264,372600,85000,0.199,0.265,0.399,0.210253,0.341,0.608,1.644,0.381196,0,0,0,0,0
E_Scope_Churn,num_scopes,20,SymTabV3,2000,2000,2000,523056,495872,239411,0.511,0.771,1.19,0.531926,0.741,1.482,2.905,0.830828,0,0,1000,0,1000
E_Scope_Churn,num_scopes,20,SymTabV4,2000,2000,2000,539672,520680,272051,0.654,1.093,1.823,0.695067,0.998,2.05,4.036,1.14794,0,0,1000,0,1000
E_Scope_Churn,num_scopes,50,Conventional,5000,5000,5000,1013632,999816,252500,0.099,0.13,0.19,0.0985146,0.27,0.586,1.228,0.322198,0,0,0,0,0
E_Scope_Churn,num_scopes,50,Interned,5000,5000,5000,1842152,1835536,242500,0.092,0.118,0.139,0.0978114,0.267,0.587,1.126,0.354352,0,0,0,0,0
E_Scope_Churn,num_scopes,50,Conventional-HeapString,5000,5000,5000,982152,969936,212500,0.21,0.271,0.464,0.228254,0.364,0.677,1.757,0.411197,0,0,0,0,0
E_Scope_Churn,num_scopes,50,SymTabV3,5000,5000,5000,1277944,1265008,597161,0.566,0.98,1.888,0.606474,0.869,1.858,3.155,1.02993,0,0,2500,0,2500
E_Scope_Churn,num_scopes,50,SymTabV4,5000,5000,5000,1327408,1314472,658761,0.597,1.004,1.907,0.644911,0.936,1.968,3.397,1.09955,0,0,2500,0,2500
E_Scope_Churn,num_scopes,100,Conventional,10000,10000,10000,2014728,2000912,505000,0.096,0.132,0.216,0.115289,0.262,0.655,1.581,0.982482,0,0,0,0,0
E_Scope_Churn,num_scopes,100,Interned,10000,10000,10000,3680976,3674360,485000,0.101,0.12,0.152,0.114471,0.446,1.218,2.727,0.684598,0,0,0,0,0
E_Scope_Churn,num_scopes,100,Conventional-HeapString,10000,10000,10000,1961568,1949352,425000,0.206,0.253,0.54,0.221536,0.346,0.59,1.784,0.3933,0,0,0,0,0
E_Scope_Churn,num_scopes,100,SymTabV3,10000,10000,10000,2579840,2530672,1193411,0.593,1.048,2.117,0.642611,0.979,2.169,3.556,1.19592,0,0,5000,0,5000
E_Scope_Churn,num_scopes,100,SymTabV4,10000,10000,10000,2678504,2629336,1316931,0.67,1.169,2.435,0.889463,1.143,2.656,4.539,1.54848,0,0,5000,0,5000
F_Hot_Cold_Skew,total_lookups,5000,Conventional,2000,5000,2000,520912,253200,0,0.127,0.229,0.334,0.302856,0.191,0.405,0.756,0.244468,0,0,0,0,0
F_Hot_Cold_Skew,total_lookups,5000,Interned,2000,5000,2000,701688,537864,0,0.153,0.286,0.435,0.176053,0.326,0.773,2.071,0.432439,0,0,0,0,0
F_Hot_Cold_Skew,total_lookups,5000,Conventional-HeapString,2000,5000,2000,512880,253000,0,0.18,0.28,0.409,0.193433,0.261,0.481,1.304,0.304297,0,0,0,0,0
F_Hot_Cold_Skew,total_lookups,5000,SymTabV3,2000,5000,2000,610632,306952,256,0.167,1.068,1.978,0.486857,0.438,1.162,2.203,0.600868,302,0,2000,0,0
F_Hot_Cold_Skew,total_lookups,5000,SymTabV4,2000,5000,2000,635776,347936,40896,0.19,1.388,2.407,0.386582,0.669,2.057,4.527,0.940412,302,0,2000,0,0
F_Hot_Cold_Skew,total_lookups,20000,Conventional,2000,20000,2000,815728,449760,0,0.107,0.138,0.167,0.110098,0.14,0.307,0.617,0.178881,0,0,0,0,0
F_Hot_Cold_Skew,total_lookups,20000,Interned,2000,20000,2000,996600,734440,0,0.153,0.245,0.372,0.170993,0.335,0.595,1.283,0.405937,0,0,0,0,0
F_Hot_Cold_Skew,total_lookups,20000,Conventional-HeapString,2000,20000,2000,807792,449640,0,0.175,0.272,0.372,0.185634,0.231,0.489,0.81,0.298252,0,0,0,0,0
F_Hot_Cold_Skew,total_lookups,20000,SymTabV3,2000,20000,2000,984816,528712,256,0.232,1.126,1.724,0.318594,0.708,1.622,3.228,0.924108,756,0,2000,0,0
F_Hot_Cold_Skew,total_lookups,20000,SymTabV4,2000,20000,2000,1009624,569648,40896,0.143,0.643,1.01,0.210271,0.533,1.533,3.23,0.745445,756,0,2000,0,0
F_Hot_Cold_Skew,total_lookups,50000,Conventional,2000,50000,2000,1208880,711856,0,0.102,0.14,0.169,0.106667,0.129,0.271,0.498,0.161788,0,0,0,0,0
F_Hot_Cold_Skew,total_lookups,50000,Interned,2000,50000,2000,1389848,996648,0,0.118,0.167,0.242,0.126834,0.208,0.5,1.087,0.268523,0,0,0,0,0
F_Hot_Cold_Skew,total_lookups,50000,Conventional-HeapString,2000,50000,2000,1200976,711816,0,0.155,0.216,0.275,0.164124,0.187,0.341,0.482,0.225023,0,0,0,0,0
F_Hot_Cold_Skew,total_lookups,50000,SymTabV3,2000,50000,2000,1402264,790888,256,0.139,0.411,1.041,0.199395,0.384,0.923,1.343,0.503452,986,0,2000,0,0
F_Hot_Cold_Skew,total_lookups,50000,SymTabV4,2000,50000,2000,1427536,831968,40896,0.146,0.408,1.21,0.189357,0.586,1.421,2.51,0.767261,986,0,2000,0,0
F_Hot_Cold_Skew,total_lookups,100000,Conventional,2000,100000,2000,1995360,1236160,0,0.108,0.158,0.305,0.124416,0.181,0.438,1.561,0.257582,0,0,0,0,0
F_Hot_Cold_Skew,total_lookups,100000,Interned,2000,100000,2000,2176312,1520936,0,0.127,0.225,0.383,0.14376,0.309,0.581,1.189,0.390881,0,0,0,0,0
F_Hot_Cold_Skew,total_lookups,100000,Conventional-HeapString,2000,100000,2000,1987280,1236040,0,0.169,0.265,0.405,0.182314,0.203,0.404,1.664,0.26273,0,0,0,0,0
F_Hot_Cold_Skew,total_lookups,100000,SymTabV3,2000,100000,2000,2163960,1315208,256,0.151,0.393,1.161,0.185305,0.525,1.345,2.286,0.694531,1000,0,2000,0,0
F_Hot_Cold_Skew,total_lookups,100000,SymTabV4,2000,100000,2000,2188944,1356160,40896,0.15,0.392,1.391,0.189868,0.635,2.55,3.98,0.94202,1000,0,2000,0,0
