dataset,implementation,category,declarations,unique_names,modeled_peak_bytes,modeled_final_bytes,measured_peak_heap_bytes,measured_final_heap_bytes,measured_bytes_per_unique_symbol,cold_lookup_p50_us,cold_lookup_p95_us,cold_lookup_p99_us,cold_lookup_mean_us,cold_lookup_stddev_us,hot_lookup_p50_us,hot_lookup_p95_us,hot_lookup_p99_us,hot_lookup_mean_us,hot_lookup_stddev_us,absent_lookup_p50_us,absent_lookup_p95_us,absent_lookup_p99_us,absent_lookup_mean_us,insertion_p50_us,insertion_p95_us,insertion_p99_us,insertion_mean_us,scope_exit_us,scope_exit_symbols,promotions,demotions,reconstruction_count,reconstruction_steps_total,mean_reconstruction_depth,count_inline,count_interned,count_compressed,v1_cache_hits,v1_cache_misses,v1_cache_hit_rate
small,Conventional,B,100,100,7472,7472,17584,10824,108,0.076,0.094,0.118,0.07756,0.0146805,0.07,0.09,0.102,0.07214,0.0113874,0.062,0.091,0.098,0.06218,0.151,0.4,0.719,0.18315,1.036,30,0,0,0,0,0,0,0,0,0,0,0
small,Interned,B,100,100,7072,7072,25768,19008,190,0.091,0.137,0.148,0.0928,0.0227399,0.081,0.101,0.104,0.08288,0.0123926,0.059,0.078,0.092,0.05884,0.261,0.75,1.067,0.30855,0.671,30,0,0,0,0,0,0,0,0,0,0,0
small,BudgetSymV1,B,100,100,5024,5024,35112,28352,283,0.274,0.446,0.534,0.29668,0.104047,0.074,0.085,0.088,0.07328,0.00763996,0.108,0.148,0.152,0.11168,0.57,1.436,2.038,0.72754,1.081,30,0,0,0,0,0,0,0,0,200,100,0.666667
small,SymTabV2,B,100,100,12832,12832,25880,19088,190,0.068,0.326,0.329,0.1057,0.0845131,0.062,0.09,0.094,0.06366,0.0145975,0.07,0.085,0.098,0.06836,0.145,1.004,1.451,0.76404,1.045,30,7,0,21,63,3,36,14,0,0,0,0
medium,Conventional,B,2000,2000,154105,154105,370480,225232,112,0.092,0.131,0.157,0.0931,0.0209915,0.088,0.115,0.138,0.088445,0.0158294,0.074,0.137,0.217,0.08136,0.125,0.21,0.351,0.14909,5.134,100,0,0,0,0,0,0,0,0,0,0,0
medium,Interned,B,2000,2000,146105,146105,525632,380352,190,0.102,0.147,0.207,0.105065,0.0265222,0.099,0.13,0.14,0.1015,0.0166468,0.076,0.121,0.14,0.077955,0.208,0.387,0.621,0.25545,2.387,100,0,0,0,0,0,0,0,0,0,0,0
medium,BudgetSymV1,B,2000,2000,102041,102041,648640,503440,251,0.286,0.536,0.879,0.31462,0.161409,0.086,0.109,0.121,0.08663,0.0144769,0.133,0.232,0.305,0.14412,0.376,0.693,1.413,0.454271,5.018,100,0,0,0,0,0,0,0,0,800,400,0.666667
medium,SymTabV2,B,2000,2000,278786,278786,530528,385344,192,0.145,0.507,0.617,0.21295,0.157324,0.073,0.109,0.12,0.07603,0.0173538,0.076,0.11,0.147,0.07947,0.304,0.862,1.725,0.423917,3.568,100,89,0,267,924,3.46067,83,117,0,0,0,0
large,Conventional,B,20000,20000,1539339,1539339,3653488,2226800,111,0.322,0.646,0.834,0.358726,0.152727,0.1,0.132,0.148,0.101786,0.0166714,0.27,0.594,0.777,0.272892,0.243,0.459,0.62,0.293849,9.79,200,0,0,0,0,0,0,0,0,0,0,0
large,Interned,B,20000,20000,1459339,1459339,5620112,4193440,209,0.325,0.643,0.802,0.360546,0.252225,0.109,0.144,0.155,0.111266,0.0175365,0.279,0.647,0.784,0.293268,0.202,0.441,0.938,0.293651,4.64,200,0,0,0,0,0,0,0,0,0,0,0
large,BudgetSymV1,B,20000,20000,1007661,1007661,7271368,5844680,292,0.379,0.663,1.098,0.419954,0.266265,0.264,0.363,0.401,0.264972,0.0539546,0.322,0.638,0.745,0.328472,0.408,0.703,1.962,0.563433,13.861,200,0,0,0,0,0,0,0,0,0,3000,0
large,SymTabV2,B,20000,20000,2609150,2609150,5906560,4479904,223,0.207,0.572,0.743,0.265748,0.185835,0.081,0.131,0.158,0.09309,0.188277,0.099,0.28,0.359,0.138982,0.282,0.695,0.895,0.368628,5.516,200,213,0,639,2214,3.46479,212,288,0,0,0,0
high-prefix-similarity,Conventional,B,2000,2000,184090,184090,499448,290160,145,0.137,0.311,0.384,0.16177,0.0794571,0.103,0.143,0.163,0.10396,0.0211068,0.113,0.346,0.442,0.146745,0.2,0.31,0.473,0.224713,6.394,100,0,0,0,0,0,0,0,0,0,0,0
high-prefix-similarity,Interned,B,2000,2000,176090,176090,718672,509400,254,0.159,0.336,0.413,0.184585,0.0863018,0.254,0.417,0.497,0.23886,0.117651,0.131,0.361,0.456,0.16302,0.293,0.641,0.921,0.37265,3.087,100,0,0,0,0,0,0,0,0,0,0,0
high-prefix-similarity,BudgetSymV1,B,2000,2000,71084,71084,911616,702344,351,0.283,0.578,0.975,0.327285,0.16936,0.096,0.115,0.127,0.09796,0.0102206,0.129,0.218,0.255,0.13736,0.556,0.813,1.568,0.621674,4.57,100,199,0,0,0,0,0,0,0,800,400,0.666667
high-prefix-similarity,SymTabV2,B,2000,2000,360296,360296,724952,515680,257,0.409,0.642,0.772,0.40277,0.164001,0.098,0.128,0.142,0.1003,0.0126836,0.079,0.112,0.123,0.080635,0.539,0.806,1.355,0.580141,3.336,100,200,0,600,2100,3.5,0,200,0,0,0,0
hot-cold-access,Conventional,B,2000,2000,158925,158925,379536,230592,115,0.095,0.133,0.164,0.100055,0.0204544,0.087,0.12,0.142,0.089305,0.0157011,0.076,0.135,0.183,0.083215,0.131,0.221,0.312,0.151993,5.295,100,0,0,0,0,0,0,0,0,0,0,0
hot-cold-access,Interned,B,2000,2000,150925,150925,537136,388208,194,0.106,0.183,0.232,0.114115,0.0361392,0.096,0.131,0.149,0.098705,0.0171973,0.08,0.163,0.23,0.091515,0.192,0.382,0.684,0.241769,2.518,100,0,0,0,0,0,0,0,0,0,0,0
hot-cold-access,BudgetSymV1,B,2000,2000,90021,90021,629664,480736,240,0.337,0.672,1.02,0.38782,0.191563,0.12,0.142,0.148,0.122745,0.00970986,0.129,0.2,0.249,0.134755,0.585,1.393,2.879,0.739776,5,100,199,0,0,0,0,0,0,0,800,400,0.666667
hot-cold-access,SymTabV2,B,2000,2000,290353,290353,555576,406584,203,0.44,0.645,0.723,0.42612,0.149731,0.12,0.151,0.162,0.124075,0.013757,0.074,0.114,0.127,0.07917,0.327,0.789,1.318,0.390069,3.159,100,200,0,600,2100,3.5,0,200,0,0,0,0
nested-scopes,Conventional,B,2000,2000,159488,159488,379696,229800,114,0.092,0.118,0.161,0.09452,0.0166893,0.093,0.117,0.135,0.092855,0.0146402,0.079,0.134,0.168,0.085285,0.135,0.222,0.336,0.157046,4.752,100,0,0,0,0,0,0,0,0,0,0,0
nested-scopes,Interned,B,2000,2000,151488,151488,539272,389520,194,0.102,0.141,0.171,0.105635,0.0211511,0.1,0.129,0.141,0.102105,0.0164642,0.081,0.132,0.163,0.08406,0.194,0.339,0.601,0.234521,2.599,100,0,0,0,0,0,0,0,0,0,0,0
nested-scopes,BudgetSymV1,B,2000,2000,78010,78010,742576,592808,296,0.409,0.863,1.253,0.471155,0.265698,0.109,0.142,0.156,0.11139,0.019287,0.179,0.359,0.464,0.19545,0.801,1.081,2.374,0.891478,7.6,100,199,0,0,0,0,0,0,0,800,400,0.666667
nested-scopes,SymTabV2,B,2000,2000,357960,357960,647992,498192,249,0.242,0.556,0.732,0.27098,0.170587,0.098,0.231,0.301,0.124375,0.0698405,0.11,0.237,0.3,0.124865,0.527,0.913,1.656,0.597055,5.368,100,125,0,375,1290,3.44,26,174,0,0,0,0
random-long,Conventional,C,2000,2000,189863,189863,492704,286712,143,0.139,0.295,0.414,0.159265,0.0758732,0.1,0.127,0.132,0.100435,0.016008,0.073,0.191,0.238,0.091975,0.156,0.267,0.367,0.181676,5.265,100,0,0,0,0,0,0,0,0,0,0,0
random-long,Interned,C,2000,2000,181863,181863,708216,502240,251,0.115,0.179,0.231,0.12022,0.0294139,0.105,0.136,0.152,0.106155,0.0176057,0.073,0.148,0.185,0.08226,0.226,0.432,0.627,0.281857,2.367,100,0,0,0,0,0,0,0,0,0,0,0
random-long,BudgetSymV1,C,2000,2000,181863,181863,1016440,810464,405,0.36,0.634,1.206,0.41589,0.331895,0.118,0.152,0.167,0.1182,0.0176769,0.139,0.237,0.295,0.149575,0.442,0.806,1.327,0.541487,5.318,100,0,0,0,0,0,0,0,0,800,400,0.666667
random-long,SymTabV2,C,2000,2000,417238,417238,783904,577928,288,0.381,0.516,0.545,0.369045,0.101795,0.115,0.155,0.178,0.11813,0.0211347,0.077,0.117,0.15,0.08091,0.592,0.853,1.346,0.64242,3.172,100,200,0,600,2100,3.5,0,200,0,0,0,0
high-churn,Conventional,C,2000,2000,141173,141173,342016,211000,105,0.089,0.12,0.158,0.0911,0.019349,0.088,0.121,0.135,0.089535,0.0168054,0.075,0.124,0.145,0.079185,0.133,0.219,0.35,0.155764,2.241,50,0,0,0,0,0,0,0,0,0,0,0
high-churn,Interned,C,2000,2000,133173,133173,482648,351728,175,0.099,0.134,0.165,0.101035,0.0200385,0.098,0.127,0.145,0.09839,0.0174865,0.072,0.128,0.155,0.077625,0.174,0.29,0.496,0.212311,1.489,50,0,0,0,0,0,0,0,0,0,0,0
high-churn,BudgetSymV1,C,2000,2000,69173,69173,510720,379832,189,0.208,0.427,1.001,0.244965,0.161546,0.077,0.098,0.104,0.07693,0.0123274,0.124,0.2,0.224,0.131275,0.351,0.54,1.007,0.413489,2.9,50,0,0,0,0,0,0,0,0,800,400,0.666667
high-churn,SymTabV2,C,2000,2000,161536,161536,343672,212736,106,0.059,0.092,0.114,0.06511,0.0164738,0.058,0.086,0.105,0.06099,0.0134366,0.078,0.111,0.126,0.079155,0.079,0.16,0.362,0.113205,2.672,50,0,0,0,0,0,200,0,0,0,0,0
memory-stress,Conventional,C,2000,2000,174877,174877,459296,269960,134,0.096,0.132,0.17,0.09996,0.0247974,0.096,0.127,0.142,0.09817,0.0164326,0.077,0.137,0.16,0.081805,0.145,0.245,0.334,0.16619,4.806,100,0,0,0,0,0,0,0,0,0,0,0
memory-stress,Interned,C,2000,2000,166877,166877,657944,468704,234,0.111,0.191,0.252,0.11708,0.0332197,0.108,0.14,0.153,0.109165,0.0163214,0.079,0.138,0.174,0.083825,0.221,0.401,0.57,0.266964,2.353,100,0,0,0,0,0,0,0,0,0,0,0
memory-stress,BudgetSymV1,C,2000,2000,159297,159297,933776,744536,372,0.439,0.741,1.446,0.50181,0.244655,0.124,0.158,0.175,0.126005,0.017597,0.203,0.411,0.52,0.218105,0.666,1.036,2.454,0.775864,6.635,100,0,0,0,0,0,0,0,0,800,400,0.666667
memory-stress,SymTabV2,C,2000,2000,387250,387250,734800,545560,272,0.354,0.553,0.757,0.371205,0.136513,0.106,0.149,0.162,0.10979,0.0198258,0.093,0.164,0.199,0.09904,0.753,1.15,1.808,0.828763,4.253,100,200,0,600,2100,3.5,0,200,0,0,0,0
FreeRTOS,Conventional,A,50000,4026,320265,320265,1163200,846096,210,0.171,0.372,0.484,0.186914,0.0999066,0.093,0.123,0.137,0.093886,0.0170215,0.082,0.397,0.531,0.1403,0.096,0.177,0.279,0.107442,5.114,100,0,0,0,0,0,0,0,0,0,0,0
FreeRTOS,Interned,A,50000,4026,304161,304161,1498976,1181920,293,0.192,0.442,0.52,0.208988,0.113018,0.103,0.139,0.15,0.104336,0.0183753,0.083,0.33,0.426,0.126234,0.097,0.242,0.393,0.119333,2.749,100,0,0,0,0,0,0,0,0,0,0,0
FreeRTOS,BudgetSymV1,A,50000,4026,281387,281359,9042928,6580104,1634,0.491,0.891,1.342,0.537038,0.257564,0.23,0.353,0.427,0.243568,0.0603104,0.161,0.581,0.766,0.2444,0.356,0.857,1.478,0.478676,6.711,100,0,0,0,0,0,0,0,0,0,3000,0
FreeRTOS,SymTabV2,A,50000,4026,593850,593850,1859120,1542048,383,0.186,0.4,0.579,0.209238,0.376657,0.097,0.145,0.163,0.100866,0.0237925,0.108,0.238,0.322,0.126592,0.103,0.607,1.083,0.173361,7.163,100,1,0,3,9,3,435,65,0,0,0,0
Arduino,Conventional,A,50000,5838,432395,432395,1450608,1018736,174,0.298,0.512,0.66,0.30276,0.126826,0.111,0.157,0.191,0.115634,0.0236382,0.19,0.609,0.838,0.239486,0.107,0.205,0.311,0.124872,7.627,100,0,0,0,0,0,0,0,0,0,0,0
Arduino,Interned,A,50000,5838,409043,409043,1990512,1558688,266,0.33,0.609,0.816,0.345758,0.163196,0.123,0.178,0.204,0.129224,0.0284123,0.181,0.64,0.772,0.248208,0.112,0.283,0.458,0.144816,3.773,100,0,0,0,0,0,0,0,0,0,0,0
Arduino,BudgetSymV1,A,50000,5838,344344,344316,8997344,6756480,1157,0.631,1.046,1.564,0.66981,0.276252,0.33,0.475,0.555,0.34304,0.0696978,0.213,0.615,0.791,0.282334,0.362,0.858,1.274,0.461008,9.2,100,0,0,0,0,0,0,0,0,0,3000,0
Arduino,SymTabV2,A,50000,5838,711085,711085,2129160,1697304,290,0.156,0.281,0.386,0.148774,0.0772539,0.073,0.108,0.126,0.076156,0.0160156,0.089,0.204,0.276,0.105308,0.107,0.388,0.956,0.162704,3.335,100,0,0,0,0,0,467,33,0,0,0,0
Zephyr,Conventional,A,50000,6271,498336,498336,1623360,1112016,177,0.254,0.515,0.676,0.282158,0.135353,0.104,0.144,0.157,0.106594,0.0189421,0.092,0.483,0.58,0.177822,0.108,0.204,0.294,0.124688,5.87,100,0,0,0,0,0,0,0,0,0,0,0
Zephyr,Interned,A,50000,6271,473252,473252,2228960,1717744,273,0.197,0.408,0.497,0.212436,0.0980711,0.113,0.154,0.164,0.116348,0.020433,0.085,0.406,0.523,0.154764,0.107,0.28,0.403,0.136126,3.103,100,0,0,0,0,0,0,0,0,0,0,0
Zephyr,BudgetSymV1,A,50000,6271,431387,431359,9282360,7237424,1154,0.557,0.953,1.242,0.602002,0.236997,0.274,0.377,0.442,0.278178,0.0616031,0.182,0.556,0.723,0.250286,0.374,0.931,1.296,0.484143,6.677,100,33,0,0,0,0,0,0,0,0,3000,0
Zephyr,SymTabV2,A,50000,6271,1031999,1031999,2818352,2307136,367,0.183,0.558,0.875,0.216716,0.174487,0.084,0.135,0.161,0.088914,0.0245267,0.093,0.209,0.294,0.113458,0.12,0.918,1.361,0.259568,3.833,100,39,0,117,453,3.87179,294,206,0,0,0,0
